Workbook
Name ciselnik_anchor: Ciselniky!$A$2:$A$100
Name ciselnik_dodavatel: Ciselniky!$B$2:$B$100
Name ciselnik_stav: Ciselniky!$D$2:$D$10
Name portfolio_stage: Parametry!$B$27
Name portfolio_total: Parametry!$B$28

Sheet Přehled
A1: Přehled portfolia — souhrn nad daty ze listu Scoring
A3: Počet dealů | B3: =COUNTIF(Scoring!E6:E45,">0") -> 8 | D3: Risk band | E3: Počet | G3: Rating gate | H3: Počet
A4: Dealů s částkou | B4: =COUNT(Scoring!E6:E45) -> 8 | D4: Nízké riziko | E4: =COUNTIF(Scoring!AA6:AA45,D4) -> 4 | G4: OK | H4: =COUNTIF(Scoring!AW6:AW45,G4) -> 7
A5: Průměrné skóre | B5: =IFERROR(AVERAGEIF(Scoring!Z6:Z45,">0"),0) -> 74.875 | D5: Střední riziko | E5: =COUNTIF(Scoring!AA6:AA45,D5) -> 3 | G5: MANUAL | H5: =COUNTIF(Scoring!AW6:AW45,G5) -> 1
A6: Celková faktura (Kč) | B6: =SUM(Scoring!E6:E45) -> 5800000 | D6: Watchlist | E6: =COUNTIF(Scoring!AA6:AA45,D6) -> 0 | G6: STOP | H6: =COUNTIF(Scoring!AW6:AW45,G6) -> 0
A7: Doporučené financování (Kč) | B7: =SUMPRODUCT(Scoring!E6:E45,Scoring!AB6:AB45) -> 3825000 | D7: Stop | E7: =COUNTIF(Scoring!AA6:AA45,D7) -> 1
A8: Průměrný advance % | B8: =IFERROR(AVERAGEIF(Scoring!AB6:AB45,">0"),0) -> 0.77857143 | G8: Dealů s ratingem >= BBB | H8: =COUNTIFS(Scoring!AT6:AT45,"AAA")+COUNTIFS(Scoring!AT6:AT45,"AA")+COUNTIFS(Scoring!AT6:AT45,"A")+COUNTIFS(Scoring!AT6:AT45,"BBB") -> 7
A10: Koncentrace — doplňkový přehled
A11: Max. podíl jednoho anchoru v portfoliu | B11: =IFERROR(MAX(Scoring!AI6:AI45),0) -> 0.51724138 | C11: (podíl)
A12: Max. podíl jednoho řádku (supplier/deal) v portfoliu | B12: =IFERROR(MAX(Scoring!AJ6:AJ45),0) -> 0.43103448 | C12: (podíl)
A13: Podíl top 3 anchorů (součet expozic / portfolio) | B13: =IF(Parametry!$B$28=0,0,(IFERROR(LARGE(Scoring!$AM$6:$AM$45,1),0)+IFERROR(LARGE(Scoring!$AM$6:$AM$45,2),0)+IFERROR(LARGE(Scoring!$AM$6:$AM$45,3),0))/Parametry!$B$28) -> 0.96551724
A14: Kontrola koncentrace top 3 | B14: =IF(B13>0.5,"VAROVÁNÍ: top 3 anchori > 50 % portfolia","OK") -> VAROVÁNÍ: top 3 anchori > 50 % portfolia
A16: Top 5 anchorů podle expozice | D16: Anchor | E16: Expozice (Kč)
D17: =IF(E17="","",INDEX(Scoring!$A$6:$A$45,MATCH(E17,Scoring!$AM$6:$AM$45,0))) -> Maersk | E17: =IFERROR(LARGE(Scoring!$AM$6:$AM$45,1),"") -> 3000000
D18: =IF(E18="","",INDEX(Scoring!$A$6:$A$45,MATCH(E18,Scoring!$AM$6:$AM$45,0))) -> Tesco | E18: =IFERROR(LARGE(Scoring!$AM$6:$AM$45,2),"") -> 1700000
D19: =IF(E19="","",INDEX(Scoring!$A$6:$A$45,MATCH(E19,Scoring!$AM$6:$AM$45,0))) -> Anchor B | E19: =IFERROR(LARGE(Scoring!$AM$6:$AM$45,3),"") -> 900000
D20: =IF(E20="","",INDEX(Scoring!$A$6:$A$45,MATCH(E20,Scoring!$AM$6:$AM$45,0))) -> Anchor C | E20: =IFERROR(LARGE(Scoring!$AM$6:$AM$45,4),"") -> 200000
A21: Splatnosti a otevřené (ze Scoring AH–AL) | D21: =IF(E21="","",INDEX(Scoring!$A$6:$A$45,MATCH(E21,Scoring!$AM$6:$AM$45,0))) | E21: =IFERROR(LARGE(Scoring!$AM$6:$AM$45,5),"")
A22: Nejkratší dní do splatnosti (aktivní pohledávky) | B22: =IFERROR(_xludf.aggregate(15,6,Scoring!AP6:AP45,1),"")
A23: Nejdelší dní do splatnosti (aktivní pohledávky) | B23: =IFERROR(_xludf.aggregate(14,6,Scoring!AP6:AP45,1),"")
A24: Největší otevřená expozice jednoho anchoru (řádek) | B24: =IFERROR(MAX(Scoring!AN6:AN45),0) -> 2600000
A25: Největší otevřená expozice jednoho dodavatele (řádek) | B25: =IFERROR(MAX(Scoring!AO6:AO45),0) -> 2500000

Sheet Schvaleni
A1: Rychlý přehled — je faktura vhodná ke schválení? (data ze Scoring)
A2: Čtěte sloupec „Závěr“. Zelená = vhodné, žlutá = s limitem/opatrně, červená = zamítnout, tmavá = STOP. Podrobnosti vždy na listu Scoring.
A5: Deal ID | B5: Anchor | C5: Dodavatel | D5: Částka (Kč) | E5: Skóre | F5: Risk band | G5: Doporučení | H5: Koncentrace | I5: ZÁVĚR | J5: Jedním pohledem | K5: kód
A6: =Scoring!D6 -> D001 | B6: =Scoring!A6 -> Maersk | C6: =Scoring!B6 -> AVS | D6: =Scoring!E6 -> 2500000 | E6: =Scoring!Z6 -> 87 | F6: =Scoring!AA6 -> Nízké riziko | G6: =Scoring!AD6 -> Financovat | H6: =Scoring!AL6 -> EARLY STAGE EXCEPTION | I6: =Scoring!AR6 -> Schválit s výhradou (koncentrace / early stage) | J6: =Scoring!AS6 -> 87 b | Nízké riziko | Financovat | gate OK | rating AA | K6: =Scoring!AQ6 -> 2
A7: =Scoring!D7 -> D002 | B7: =Scoring!A7 -> Anchor B | C7: =Scoring!B7 -> Dodavatel B | D7: =Scoring!E7 -> 900000 | E7: =Scoring!Z7 -> 34 | F7: =Scoring!AA7 -> Stop | G7: =Scoring!AD7 -> Stop | H7: =Scoring!AL7 -> EARLY STAGE EXCEPTION | I7: =Scoring!AR7 -> STOP | J7: =Scoring!AS7 -> 34 b | Stop | Stop | gate MANUAL | rating BB | K7: =Scoring!AQ7 -> 5
A8: =Scoring!D8 -> D003 | B8: =Scoring!A8 -> Anchor C | C8: =Scoring!B8 -> Dodavatel C | D8: =Scoring!E8 -> 200000 | E8: =Scoring!Z8 -> 71 | F8: =Scoring!AA8 -> Střední riziko | G8: =Scoring!AD8 -> Financovat s limitem | H8: =Scoring!AL8 -> EARLY STAGE EXCEPTION | I8: =Scoring!AR8 -> Schválit s výhradou (koncentrace / early stage) | J8: =Scoring!AS8 -> 71 b | Střední riziko | Financovat s limitem | gate OK | rating BBB | K8: =Scoring!AQ8 -> 2
A9: =Scoring!D9 -> D004 | B9: =Scoring!A9 -> Maersk | C9: =Scoring!B9 -> Dodavatel C | D9: =Scoring!E9 -> 100000 | E9: =Scoring!Z9 -> 89 | F9: =Scoring!AA9 -> Nízké riziko | G9: =Scoring!AD9 -> Financovat | H9: =Scoring!AL9 -> EARLY STAGE EXCEPTION | I9: =Scoring!AR9 -> Schválit s výhradou (koncentrace / early stage) | J9: =Scoring!AS9 -> 89 b | Nízké riziko | Financovat | gate OK | rating AA | K9: =Scoring!AQ9 -> 2
A10: =Scoring!D10 -> D005 | B10: =Scoring!A10 -> Maersk | C10: =Scoring!B10 -> AVS | D10: =Scoring!E10 -> 200000 | E10: =Scoring!Z10 -> 89 | F10: =Scoring!AA10 -> Nízké riziko | G10: =Scoring!AD10 -> Financovat | H10: =Scoring!AL10 -> EARLY STAGE EXCEPTION | I10: =Scoring!AR10 -> Schválit s výhradou (koncentrace / early stage) | J10: =Scoring!AS10 -> 89 b | Nízké riziko | Financovat | gate OK | rating AA | K10: =Scoring!AQ10 -> 2
A11: =Scoring!D11 -> D006 | B11: =Scoring!A11 -> Tesco | C11: =Scoring!B11 -> Bruggy | D11: =Scoring!E11 -> 850000 | E11: =Scoring!Z11 -> 70 | F11: =Scoring!AA11 -> Střední riziko | G11: =Scoring!AD11 -> Financovat s limitem | H11: =Scoring!AL11 -> EARLY STAGE EXCEPTION | I11: =Scoring!AR11 -> Schválit s výhradou (koncentrace / early stage) | J11: =Scoring!AS11 -> 70 b | Střední riziko | Financovat s limitem | gate OK | rating A | K11: =Scoring!AQ11 -> 2
A12: =Scoring!D12 -> D007 | B12: =Scoring!A12 -> Maersk | C12: =Scoring!B12 -> AVS | D12: =Scoring!E12 -> 200000 | E12: =Scoring!Z12 -> 89 | F12: =Scoring!AA12 -> Nízké riziko | G12: =Scoring!AD12 -> Financovat | H12: =Scoring!AL12 -> EARLY STAGE EXCEPTION | I12: =Scoring!AR12 -> Schválit s výhradou (koncentrace / early stage) | J12: =Scoring!AS12 -> 89 b | Nízké riziko | Financovat | gate OK | rating AA | K12: =Scoring!AQ12 -> 2
A13: =Scoring!D13 -> D008 | B13: =Scoring!A13 -> Tesco | C13: =Scoring!B13 -> Bruggy | D13: =Scoring!E13 -> 850000 | E13: =Scoring!Z13 -> 70 | F13: =Scoring!AA13 -> Střední riziko | G13: =Scoring!AD13 -> Financovat s limitem | H13: =Scoring!AL13 -> EARLY STAGE EXCEPTION | I13: =Scoring!AR13 -> Schválit s výhradou (koncentrace / early stage) | J13: =Scoring!AS13 -> 70 b | Střední riziko | Financovat s limitem | gate OK | rating A | K13: =Scoring!AQ13 -> 2
A14: =Scoring!D14 -> 0 | B14: =Scoring!A14 -> 0 | C14: =Scoring!B14 -> 0 | D14: =Scoring!E14 -> 0 | E14: =Scoring!Z14 | F14: =Scoring!AA14 | G14: =Scoring!AD14 | H14: =Scoring!AL14 | I14: =Scoring!AR14 | J14: =Scoring!AS14 | K14: =Scoring!AQ14
A15: =Scoring!D15 -> 0 | B15: =Scoring!A15 -> 0 | C15: =Scoring!B15 -> 0 | D15: =Scoring!E15 -> 0 | E15: =Scoring!Z15 | F15: =Scoring!AA15 | G15: =Scoring!AD15 | H15: =Scoring!AL15 | I15: =Scoring!AR15 | J15: =Scoring!AS15 | K15: =Scoring!AQ15
A16: =Scoring!D16 -> 0 | B16: =Scoring!A16 -> 0 | C16: =Scoring!B16 -> 0 | D16: =Scoring!E16 -> 0 | E16: =Scoring!Z16 | F16: =Scoring!AA16 | G16: =Scoring!AD16 | H16: =Scoring!AL16 | I16: =Scoring!AR16 | J16: =Scoring!AS16 | K16: =Scoring!AQ16
A17: =Scoring!D17 -> 0 | B17: =Scoring!A17 -> 0 | C17: =Scoring!B17 -> 0 | D17: =Scoring!E17 -> 0 | E17: =Scoring!Z17 | F17: =Scoring!AA17 | G17: =Scoring!AD17 | H17: =Scoring!AL17 | I17: =Scoring!AR17 | J17: =Scoring!AS17 | K17: =Scoring!AQ17
... A45: =Scoring!D45 -> 0 | B45: =Scoring!A45 -> 0 | C45: =Scoring!B45 -> 0 | D45: =Scoring!E45 -> 0 | E45: =Scoring!Z45 | F45: =Scoring!AA45 | G45: =Scoring!AD45 | H45: =Scoring!AL45 | I45: =Scoring!AR45 | J45: =Scoring!AS45 | K45: =Scoring!AQ45

Sheet Scoring
A1: Scoring — nejdřív vyplňte A–H, rating anchora udržujte v Ciselniky, výsledek schválení je v AR–AS (→)
A2: 1) KROK POVINNÝ — výběr z číselníků (A–C) a údaje dealu (D–H) | I2: 2) Historie plateb — dopočítáno z listu Historie | N2: Splatnost | P2: 3) Skóre a rozhodnutí | AE2: 4) Koncentrace | AM2: Pomocné a expozice | AT2: 5) Anchor-centric overlay
A3: Anchor a dodavatel vybírejte jen z listu Ciselniky. Stav pohledávky také z číselníku. | AT3: Rating anchora se bere z listu Ciselniky (anchor master). Pokud rating chybí, model přepne deal na NR / manuální review.
A5: Anchor | B5: Dodavatel | C5: Stav pohledávky | D5: Deal ID | E5: Aktuální faktura (Kč) | F5: Datum splatnosti | G5: Nesoulad dat? | H5: Spor? | I5: Počet uhrazených faktur | J5: Prům. zpoždění (dny) | K5: Podíl pozdních faktur | L5: Vztah (měsíce) | M5: Prům. hist. faktura (Kč) | N5: Dní do splatnosti | O5: Dní do splatnosti (aktivní) | P5: Nový anchor? | Q5: Poměr objemu | R5: Body: historie | S5: Body: delay | T5: Body: volatilita | U5: Body: vztah | V5: Body: objem | W5: Pen.: nový | X5: Pen.: mismatch | Y5: Pen.: spor | Z5: Skóre | AA5: Risk band | AB5: Advance % | AC5: Fee % | AD5: Doporučení | AE5: supplier_exposure | AF5: anchor_exposure | AG5: total_portfolio_exposure | AH5: supplier_to_anchor_pct | AI5: anchor_to_portfolio_pct | AJ5: supplier_to_portfolio_pct | AK5: concentration_score | AL5: concentration_flag | AM5: helper_anchor_exp_1x | AN5: Otevřená expozice anchoru (Kč) | AO5: Otevřená expozice dodavatele (Kč) | AP5: Dní aktivní (AO) | AQ5: Výsledek (kód) | AR5: ZÁVĚR SCHVÁLENÍ | AS5: Shrnutí pro řízení | AT5: Anchor rating | AU5: Zdroj ratingu | AV5: Anchor rating score | AW5: Rating gate | AX5: Behavior score raw | AY5: Body: rating | AZ5: Body: behavior | BA5: Body: koncentrace | BB5: Pen.: rating / gate
A6: Maersk | B6: AVS | C6: Otevřená | D6: D001 | E6: 2500000 | F6: 46188 | G6: NE | H6: NE | I6: =IF(A6="","",IF(AND(Parametry!$B$39="ANO",B6<>""),COUNTIFS(Historie!$A$2:$A$2000,A6,Historie!$B$2:$B$2000,B6,Historie!$E$2:$E$2000,"<>"),COUNTIFS(Historie!$A$2:$A$2000,A6,Historie!$E$2:$E$2000,"<>"))) -> 7 | J6: =IF(I6=0,"",IFERROR(IF(AND(Parametry!$B$39="ANO",B6<>""),AVERAGEIFS(Historie!$F$2:$F$2000,Historie!$A$2:$A$2000,A6,Historie!$B$2:$B$2000,B6,Historie!$E$2:$E$2000,"<>"),AVERAGEIFS(Historie!$F$2:$F$2000,Historie!$A$2:$A$2000,A6,Historie!$E$2:$E$2000,"<>")),"")) -> -0.14285714 | K6: =IF(I6=0,"",IFERROR(IF(AND(Parametry!$B$39="ANO",B6<>""),COUNTIFS(Historie!$A$2:$A$2000,A6,Historie!$B$2:$B$2000,B6,Historie!$E$2:$E$2000,"<>",Historie!$F$2:$F$2000,">0")/I6,COUNTIFS(Historie!$A$2:$A$2000,A6,Historie!$E$2:$E$2000,"<>",Historie!$F$2:$F$2000,">0")/I6),0)) -> 0.14285714 | L6: =IF(OR(A6="",I6=0),"",IFERROR(DATEDIF(IF(AND(Parametry!$B$39="ANO",B6<>""),_xludf.minifs(Historie!$E$2:$E$2000,Historie!$A$2:$A$2000,A6,Historie!$B$2:$B$2000,B6,Historie!$E$2:$E$2000,"<>"),_xludf.minifs(Historie!$E$2:$E$2000,Historie!$A$2:$A$2000,A6,Historie!$E$2:$E$2000,"<>")),IF(AND(Parametry!$B$39="ANO",B6<>""),_xludf.maxifs(Historie!$E$2:$E$2000,Historie!$A$2:$A$2000,A6,Historie!$B$2:$B$2000,B6,Historie!$E$2:$E$2000,"<>"),_xludf.maxifs(Historie!$E$2:$E$2000,Historie!$A$2:$A$2000,A6,Historie!$E$2:$E$2000,"<>")),"M"),0)) -> 0 | M6: =IF(A6="","",IFERROR(IF(AND(Parametry!$B$39="ANO",B6<>""),AVERAGEIFS(Historie!$C$2:$C$2000,Historie!$A$2:$A$2000,A6,Historie!$B$2:$B$2000,B6,Historie!$E$2:$E$2000,"<>"),AVERAGEIFS(Historie!$C$2:$C$2000,Historie!$A$2:$A$2000,A6,Historie!$E$2:$E$2000,"<>")),"")) -> 1847142.9 | N6: =IF(F6="","",F6-TODAY()) -> 68 | O6: =IF(OR(A6="",E6=""),"",IF(C6="Uhrazená","",N6)) -> 68 | P6: =IF(OR(A6="",E6=""),"",IF(I6=0,"ANO","NE")) -> NE | Q6: =IF(OR(A6="",E6="",M6=0),"",IFERROR(E6/M6,"")) -> 1.3534416 | R6: =IF(OR(A6="",E6=""),"",IF(I6>=Parametry!$B$4,Parametry!$B$9,0)) -> 40 | S6: =IF(OR(A6="",E6=""),"",IF(I6>0,IF(J6<=Parametry!$B$5,Parametry!$B$10,0),0)) -> 20 | T6: =IF(OR(A6="",E6=""),"",IF(I6>0,IF(K6<=Parametry!$B$6,Parametry!$B$11,0),0)) -> 15 | U6: =IF(OR(A6="",E6=""),"",IF(L6>=Parametry!$B$7,Parametry!$B$12,0)) -> 0 | V6: =IF(OR(A6="",E6=""),"",IF(M6>0,IF(Q6<=Parametry!$B$8,Parametry!$B$13,0),0)) -> 10 | W6: =IF(OR(A6="",E6=""),"",IF(P6="ANO",Parametry!$B$14,0)) -> 0 | X6: =IF(OR(A6="",E6=""),"",IF(G6="ANO",Parametry!$B$15,0)) -> 0 | Y6: =IF(OR(A6="",E6=""),"",IF(H6="ANO",Parametry!$B$16,0)) -> 0 | Z6: =IF(OR(A6="",E6=""),"",MAX(0,MIN(100,ROUND(AY6+AZ6+BA6+BB6,0)))) -> 87 | AA6: =IF(Z6="","",IF(AW6="STOP","Stop",IF(AW6="MANUAL",IF(Z6>=Parametry!$B$19,"Watchlist","Stop"),IF(Z6>=Parametry!$B$17,"Nízké riziko",IF(Z6>=Parametry!$B$18,"Střední riziko",IF(Z6>=Parametry!$B$19,"Watchlist","Stop")))))) -> Nízké riziko | AB6: =IF(AA6="","",MIN(IF(AA6="Nízké riziko",Parametry!$B$20,IF(AA6="Střední riziko",Parametry!$B$21,IF(AA6="Watchlist",Parametry!$B$22,Parametry!$B$23))),IFERROR(INDEX(Ciselniky!$H$3:$H$10,MATCH(AT6,Ciselniky!$F$3:$F$10,0)),0))) -> 0.8 | AC6: =IF(AA6="","",IF(AA6="Stop",0,IF(AA6="Nízké riziko",Parametry!$B$24,IF(AA6="Střední riziko",Parametry!$B$25,IF(AA6="Watchlist",Parametry!$B$26,0)))+IFERROR(INDEX(Ciselniky!$I$3:$I$10,MATCH(AT6,Ciselniky!$F$3:$F$10,0)),0))) -> 0.025 | AD6: =IF(AA6="","",IF(OR(AA6="Stop",AW6="STOP"),"Stop",IF(AW6="MANUAL","Pouze manuálně",IF(AA6="Nízké riziko","Financovat",IF(AA6="Střední riziko","Financovat s limitem",IF(AA6="Watchlist","Pouze manuálně","Stop")))))) -> Financovat | AE6: =E6 -> 2500000 | AF6: =SUMIF($A$6:$A$45,A6,$E$6:$E$45) -> 3000000 | AG6: =Parametry!$B$28 -> 5800000 | AH6: =IFERROR(AE6/AF6,"") -> 0.83333333 | AI6: =IFERROR(AF6/Parametry!$B$28,"") -> 0.51724138 | AJ6: =IFERROR(AE6/Parametry!$B$28,"") -> 0.43103448 | AK6: =IF(OR(A6="",E6=""),"",MAX(0,100-IF(Parametry!$B$27="early",0.5,IF(Parametry!$B$27="growth",0.75,1))*(IF(AI6<=Parametry!$B$34,0,IF(AI6<=Parametry!$B$34+0.05,8,20))+IF(AH6<=Parametry!$B$35,0,12)+IF(AJ6<=Parametry!$B$36,0,12)))) -> 78 | AL6: =IF(OR(A6="",E6=""),"",IF(Parametry!$B$27="early",IF(OR(AI6>Parametry!$B$34*1.2,AH6>Parametry!$B$35*1.3),"EARLY STAGE EXCEPTION","OK"),IF(Parametry!$B$27="growth",IF(OR(AI6>Parametry!$B$34*1.35,AH6>Parametry!$B$35*1.4),"RED FLAG","OK"),IF(OR(AI6>Parametry!$B$34*1.2,AH6>Parametry!$B$35*1.3),"RED FLAG","OK")))) -> EARLY STAGE EXCEPTION | AM6: =IF(OR(A6="",E6=""),"",IF(COUNTIF($A$6:A6,A6)=1,AF6,"")) -> 3000000 | AN6: =IF(A6="","",SUMPRODUCT(($A$6:$A$45=A6)*($E$6:$E$45)*((($C$6:$C$45="")+($C$6:$C$45="Otevřená"))>0))) -> 2600000 | AO6: =IF(OR(B6="",A6=""),"",SUMPRODUCT(($B$6:$B$45=B6)*($E$6:$E$45)*((($C$6:$C$45="")+($C$6:$C$45="Otevřená"))>0))) -> 2500000 | AP6: =IF(OR(A6="",E6=""),"",IF(C6="Uhrazená","",N6)) -> 68 | AQ6: =IF(OR(A6="",E6=""),"",IF(OR(AW6="STOP",AA6="Stop"),5,IF(OR(G6="ANO",H6="ANO"),4,IF(AL6="RED FLAG",4,IF(OR(AW6="MANUAL",AA6="Watchlist"),3,IF(OR(AL6="EARLY STAGE EXCEPTION",AA6="Střední riziko"),2,IF(AA6="Nízké riziko",1,5))))))) -> 2 | AR6: =IF(OR(A6="",E6=""),"",IF(OR(AQ6="",NOT(ISNUMBER(AQ6))),"",IF(AQ6=1,"Vhodné ke schválení",IF(AQ6=2,"Schválit s výhradou (koncentrace / early stage)",IF(AQ6=3,"Pouze manuálně - anchor rating / watchlist",IF(AQ6=4,"Zamítnout - spor, nesoulad nebo koncentrace",IF(AQ6=5,"STOP",""))))))) -> Schválit s výhradou (koncentrace / early stage) | AS6: =IF(A6="","",TEXT(Z6,"0") & " b | " & AA6 & " | " & AD6 & " | gate " & AW6 & " | rating " & AT6) -> 87 b | Nízké riziko | Financovat | gate OK | rating AA | AT6: =IF(A6="","",IF(COUNTIF(Ciselniky!$L$3:$L$200,A6)=0,"NR",IF(INDEX(Ciselniky!$M$3:$M$200,MATCH(A6,Ciselniky!$L$3:$L$200,0))="","NR",INDEX(Ciselniky!$M$3:$M$200,MATCH(A6,Ciselniky!$L$3:$L$200,0))))) -> AA | AU6: =IF(A6="","",IF(AT6="NR","doplňit rating v Ciselniky",IFERROR(IF(INDEX(Ciselniky!$N$3:$N$200,MATCH(A6,Ciselniky!$L$3:$L$200,0))="","anchor master",INDEX(Ciselniky!$N$3:$N$200,MATCH(A6,Ciselniky!$L$3:$L$200,0))),"anchor master"))) -> doplňte interní / externí rating | AV6: =IF(AT6="","",IFERROR(INDEX(Ciselniky!$G$3:$G$10,MATCH(AT6,Ciselniky!$F$3:$F$10,0)),0)) -> 90 | AW6: =IF(AT6="","",IFERROR(INDEX(Ciselniky!$J$3:$J$10,MATCH(AT6,Ciselniky!$F$3:$F$10,0)),"MANUAL")) -> OK | AX6: =IF(OR(A6="",E6=""),"",MAX(0,MIN(100,SUM(R6:Y6)))) -> 85 | AY6: =IF(OR(A6="",E6=""),"",AV6*Parametry!$B$41) -> 54 | AZ6: =IF(OR(A6="",E6=""),"",AX6*Parametry!$B$42) -> 21.25 | BA6: =IF(OR(A6="",E6=""),"",AK6*Parametry!$B$43) -> 11.7 | BB6: =IF(OR(A6="",E6=""),"",IF(AW6="STOP",-100,IF(AT6="BB",Parametry!$B$47,IF(AT6="NR",Parametry!$B$48,0)))) -> 0
A7: Anchor B | B7: Dodavatel B | C7: Otevřená | D7: D002 | E7: 900000 | F7: 46193 | G7: NE | H7: NE | I7: =IF(A7="","",IF(AND(Parametry!$B$39="ANO",B7<>""),COUNTIFS(Historie!$A$2:$A$2000,A7,Historie!$B$2:$B$2000,B7,Historie!$E$2:$E$2000,"<>"),COUNTIFS(Historie!$A$2:$A$2000,A7,Historie!$E$2:$E$2000,"<>"))) -> 4 | J7: =IF(I7=0,"",IFERROR(IF(AND(Parametry!$B$39="ANO",B7<>""),AVERAGEIFS(Historie!$F$2:$F$2000,Historie!$A$2:$A$2000,A7,Historie!$B$2:$B$2000,B7,Historie!$E$2:$E$2000,"<>"),AVERAGEIFS(Historie!$F$2:$F$2000,Historie!$A$2:$A$2000,A7,Historie!$E$2:$E$2000,"<>")),"")) -> 2.5 | K7: =IF(I7=0,"",IFERROR(IF(AND(Parametry!$B$39="ANO",B7<>""),COUNTIFS(Historie!$A$2:$A$2000,A7,Historie!$B$2:$B$2000,B7,Historie!$E$2:$E$2000,"<>",Historie!$F$2:$F$2000,">0")/I7,COUNTIFS(Historie!$A$2:$A$2000,A7,Historie!$E$2:$E$2000,"<>",Historie!$F$2:$F$2000,">0")/I7),0)) -> 0.5 | L7: =IF(OR(A7="",I7=0),"",IFERROR(DATEDIF(IF(AND(Parametry!$B$39="ANO",B7<>""),_xludf.minifs(Historie!$E$2:$E$2000,Historie!$A$2:$A$2000,A7,Historie!$B$2:$B$2000,B7,Historie!$E$2:$E$2000,"<>"),_xludf.minifs(Historie!$E$2:$E$2000,Historie!$A$2:$A$2000,A7,Historie!$E$2:$E$2000,"<>")),IF(AND(Parametry!$B$39="ANO",B7<>""),_xludf.maxifs(Historie!$E$2:$E$2000,Historie!$A$2:$A$2000,A7,Historie!$B$2:$B$2000,B7,Historie!$E$2:$E$2000,"<>"),_xludf.maxifs(Historie!$E$2:$E$2000,Historie!$A$2:$A$2000,A7,Historie!$E$2:$E$2000,"<>")),"M"),0)) -> 0 | M7: =IF(A7="","",IFERROR(IF(AND(Parametry!$B$39="ANO",B7<>""),AVERAGEIFS(Historie!$C$2:$C$2000,Historie!$A$2:$A$2000,A7,Historie!$B$2:$B$2000,B7,Historie!$E$2:$E$2000,"<>"),AVERAGEIFS(Historie!$C$2:$C$2000,Historie!$A$2:$A$2000,A7,Historie!$E$2:$E$2000,"<>")),"")) -> 922500 | N7: =IF(F7="","",F7-TODAY()) -> 73 | O7: =IF(OR(A7="",E7=""),"",IF(C7="Uhrazená","",N7)) -> 73 | P7: =IF(OR(A7="",E7=""),"",IF(I7=0,"ANO","NE")) -> NE | Q7: =IF(OR(A7="",E7="",M7=0),"",IFERROR(E7/M7,"")) -> 0.97560976 | R7: =IF(OR(A7="",E7=""),"",IF(I7>=Parametry!$B$4,Parametry!$B$9,0)) -> 0 | S7: =IF(OR(A7="",E7=""),"",IF(I7>0,IF(J7<=Parametry!$B$5,Parametry!$B$10,0),0)) -> 20 | T7: =IF(OR(A7="",E7=""),"",IF(I7>0,IF(K7<=Parametry!$B$6,Parametry!$B$11,0),0)) -> 0 | U7: =IF(OR(A7="",E7=""),"",IF(L7>=Parametry!$B$7,Parametry!$B$12,0)) -> 0 | V7: =IF(OR(A7="",E7=""),"",IF(M7>0,IF(Q7<=Parametry!$B$8,Parametry!$B$13,0),0)) -> 10 | W7: =IF(OR(A7="",E7=""),"",IF(P7="ANO",Parametry!$B$14,0)) -> 0 | X7: =IF(OR(A7="",E7=""),"",IF(G7="ANO",Parametry!$B$15,0)) -> 0 | Y7: =IF(OR(A7="",E7=""),"",IF(H7="ANO",Parametry!$B$16,0)) -> 0 | Z7: =IF(OR(A7="",E7=""),"",MAX(0,MIN(100,ROUND(AY7+AZ7+BA7+BB7,0)))) -> 34 | AA7: =IF(Z7="","",IF(AW7="STOP","Stop",IF(AW7="MANUAL",IF(Z7>=Parametry!$B$19,"Watchlist","Stop"),IF(Z7>=Parametry!$B$17,"Nízké riziko",IF(Z7>=Parametry!$B$18,"Střední riziko",IF(Z7>=Parametry!$B$19,"Watchlist","Stop")))))) -> Stop | AB7: =IF(AA7="","",MIN(IF(AA7="Nízké riziko",Parametry!$B$20,IF(AA7="Střední riziko",Parametry!$B$21,IF(AA7="Watchlist",Parametry!$B$22,Parametry!$B$23))),IFERROR(INDEX(Ciselniky!$H$3:$H$10,MATCH(AT7,Ciselniky!$F$3:$F$10,0)),0))) -> 0 | AC7: =IF(AA7="","",IF(AA7="Stop",0,IF(AA7="Nízké riziko",Parametry!$B$24,IF(AA7="Střední riziko",Parametry!$B$25,IF(AA7="Watchlist",Parametry!$B$26,0)))+IFERROR(INDEX(Ciselniky!$I$3:$I$10,MATCH(AT7,Ciselniky!$F$3:$F$10,0)),0))) -> 0 | AD7: =IF(AA7="","",IF(OR(AA7="Stop",AW7="STOP"),"Stop",IF(AW7="MANUAL","Pouze manuálně",IF(AA7="Nízké riziko","Financovat",IF(AA7="Střední riziko","Financovat s limitem",IF(AA7="Watchlist","Pouze manuálně","Stop")))))) -> Stop | AE7: =E7 -> 900000 | AF7: =SUMIF($A$6:$A$45,A7,$E$6:$E$45) -> 900000 | AG7: =Parametry!$B$28 -> 5800000 | AH7: =IFERROR(AE7/AF7,"") -> 1 | AI7: =IFERROR(AF7/Parametry!$B$28,"") -> 0.15517241 | AJ7: =IFERROR(AE7/Parametry!$B$28,"") -> 0.15517241 | AK7: =IF(OR(A7="",E7=""),"",MAX(0,100-IF(Parametry!$B$27="early",0.5,IF(Parametry!$B$27="growth",0.75,1))*(IF(AI7<=Parametry!$B$34,0,IF(AI7<=Parametry!$B$34+0.05,8,20))+IF(AH7<=Parametry!$B$35,0,12)+IF(AJ7<=Parametry!$B$36,0,12)))) -> 94 | AL7: =IF(OR(A7="",E7=""),"",IF(Parametry!$B$27="early",IF(OR(AI7>Parametry!$B$34*1.2,AH7>Parametry!$B$35*1.3),"EARLY STAGE EXCEPTION","OK"),IF(Parametry!$B$27="growth",IF(OR(AI7>Parametry!$B$34*1.35,AH7>Parametry!$B$35*1.4),"RED FLAG","OK"),IF(OR(AI7>Parametry!$B$34*1.2,AH7>Parametry!$B$35*1.3),"RED FLAG","OK")))) -> EARLY STAGE EXCEPTION | AM7: =IF(OR(A7="",E7=""),"",IF(COUNTIF($A$6:A7,A7)=1,AF7,"")) -> 900000 | AN7: =IF(A7="","",SUMPRODUCT(($A$6:$A$45=A7)*($E$6:$E$45)*((($C$6:$C$45="")+($C$6:$C$45="Otevřená"))>0))) -> 900000 | AO7: =IF(OR(B7="",A7=""),"",SUMPRODUCT(($B$6:$B$45=B7)*($E$6:$E$45)*((($C$6:$C$45="")+($C$6:$C$45="Otevřená"))>0))) -> 900000 | AP7: =IF(OR(A7="",E7=""),"",IF(C7="Uhrazená","",N7)) -> 73 | AQ7: =IF(OR(A7="",E7=""),"",IF(OR(AW7="STOP",AA7="Stop"),5,IF(OR(G7="ANO",H7="ANO"),4,IF(AL7="RED FLAG",4,IF(OR(AW7="MANUAL",AA7="Watchlist"),3,IF(OR(AL7="EARLY STAGE EXCEPTION",AA7="Střední riziko"),2,IF(AA7="Nízké riziko",1,5))))))) -> 5 | AR7: =IF(OR(A7="",E7=""),"",IF(OR(AQ7="",NOT(ISNUMBER(AQ7))),"",IF(AQ7=1,"Vhodné ke schválení",IF(AQ7=2,"Schválit s výhradou (koncentrace / early stage)",IF(AQ7=3,"Pouze manuálně - anchor rating / watchlist",IF(AQ7=4,"Zamítnout - spor, nesoulad nebo koncentrace",IF(AQ7=5,"STOP",""))))))) -> STOP | AS7: =IF(A7="","",TEXT(Z7,"0") & " b | " & AA7 & " | " & AD7 & " | gate " & AW7 & " | rating " & AT7) -> 34 b | Stop | Stop | gate MANUAL | rating BB | AT7: =IF(A7="","",IF(COUNTIF(Ciselniky!$L$3:$L$200,A7)=0,"NR",IF(INDEX(Ciselniky!$M$3:$M$200,MATCH(A7,Ciselniky!$L$3:$L$200,0))="","NR",INDEX(Ciselniky!$M$3:$M$200,MATCH(A7,Ciselniky!$L$3:$L$200,0))))) -> BB | AU7: =IF(A7="","",IF(AT7="NR","doplňit rating v Ciselniky",IFERROR(IF(INDEX(Ciselniky!$N$3:$N$200,MATCH(A7,Ciselniky!$L$3:$L$200,0))="","anchor master",INDEX(Ciselniky!$N$3:$N$200,MATCH(A7,Ciselniky!$L$3:$L$200,0))),"anchor master"))) -> demo / upravit | AV7: =IF(AT7="","",IFERROR(INDEX(Ciselniky!$G$3:$G$10,MATCH(AT7,Ciselniky!$F$3:$F$10,0)),0)) -> 45 | AW7: =IF(AT7="","",IFERROR(INDEX(Ciselniky!$J$3:$J$10,MATCH(AT7,Ciselniky!$F$3:$F$10,0)),"MANUAL")) -> MANUAL | AX7: =IF(OR(A7="",E7=""),"",MAX(0,MIN(100,SUM(R7:Y7)))) -> 30 | AY7: =IF(OR(A7="",E7=""),"",AV7*Parametry!$B$41) -> 27 | AZ7: =IF(OR(A7="",E7=""),"",AX7*Parametry!$B$42) -> 7.5 | BA7: =IF(OR(A7="",E7=""),"",AK7*Parametry!$B$43) -> 14.1 | BB7: =IF(OR(A7="",E7=""),"",IF(AW7="STOP",-100,IF(AT7="BB",Parametry!$B$47,IF(AT7="NR",Parametry!$B$48,0)))) -> -15
A8: Anchor C | B8: Dodavatel C | C8: Uhrazená | D8: D003 | E8: 200000 | F8: 46183 | G8: NE | H8: NE | I8: =IF(A8="","",IF(AND(Parametry!$B$39="ANO",B8<>""),COUNTIFS(Historie!$A$2:$A$2000,A8,Historie!$B$2:$B$2000,B8,Historie!$E$2:$E$2000,"<>"),COUNTIFS(Historie!$A$2:$A$2000,A8,Historie!$E$2:$E$2000,"<>"))) -> 12 | J8: =IF(I8=0,"",IFERROR(IF(AND(Parametry!$B$39="ANO",B8<>""),AVERAGEIFS(Historie!$F$2:$F$2000,Historie!$A$2:$A$2000,A8,Historie!$B$2:$B$2000,B8,Historie!$E$2:$E$2000,"<>"),AVERAGEIFS(Historie!$F$2:$F$2000,Historie!$A$2:$A$2000,A8,Historie!$E$2:$E$2000,"<>")),"")) -> 2.9166667 | K8: =IF(I8=0,"",IFERROR(IF(AND(Parametry!$B$39="ANO",B8<>""),COUNTIFS(Historie!$A$2:$A$2000,A8,Historie!$B$2:$B$2000,B8,Historie!$E$2:$E$2000,"<>",Historie!$F$2:$F$2000,">0")/I8,COUNTIFS(Historie!$A$2:$A$2000,A8,Historie!$E$2:$E$2000,"<>",Historie!$F$2:$F$2000,">0")/I8),0)) -> 0.58333333 | L8: =IF(OR(A8="",I8=0),"",IFERROR(DATEDIF(IF(AND(Parametry!$B$39="ANO",B8<>""),_xludf.minifs(Historie!$E$2:$E$2000,Historie!$A$2:$A$2000,A8,Historie!$B$2:$B$2000,B8,Historie!$E$2:$E$2000,"<>"),_xludf.minifs(Historie!$E$2:$E$2000,Historie!$A$2:$A$2000,A8,Historie!$E$2:$E$2000,"<>")),IF(AND(Parametry!$B$39="ANO",B8<>""),_xludf.maxifs(Historie!$E$2:$E$2000,Historie!$A$2:$A$2000,A8,Historie!$B$2:$B$2000,B8,Historie!$E$2:$E$2000,"<>"),_xludf.maxifs(Historie!$E$2:$E$2000,Historie!$A$2:$A$2000,A8,Historie!$E$2:$E$2000,"<>")),"M"),0)) -> 0 | M8: =IF(A8="","",IFERROR(IF(AND(Parametry!$B$39="ANO",B8<>""),AVERAGEIFS(Historie!$C$2:$C$2000,Historie!$A$2:$A$2000,A8,Historie!$B$2:$B$2000,B8,Historie!$E$2:$E$2000,"<>"),AVERAGEIFS(Historie!$C$2:$C$2000,Historie!$A$2:$A$2000,A8,Historie!$E$2:$E$2000,"<>")),"")) -> 1005000 | N8: =IF(F8="","",F8-TODAY()) -> 63 | O8: =IF(OR(A8="",E8=""),"",IF(C8="Uhrazená","",N8)) | P8: =IF(OR(A8="",E8=""),"",IF(I8=0,"ANO","NE")) -> NE | Q8: =IF(OR(A8="",E8="",M8=0),"",IFERROR(E8/M8,"")) -> 0.19900498 | R8: =IF(OR(A8="",E8=""),"",IF(I8>=Parametry!$B$4,Parametry!$B$9,0)) -> 40 | S8: =IF(OR(A8="",E8=""),"",IF(I8>0,IF(J8<=Parametry!$B$5,Parametry!$B$10,0),0)) -> 20 | T8: =IF(OR(A8="",E8=""),"",IF(I8>0,IF(K8<=Parametry!$B$6,Parametry!$B$11,0),0)) -> 0 | U8: =IF(OR(A8="",E8=""),"",IF(L8>=Parametry!$B$7,Parametry!$B$12,0)) -> 0 | V8: =IF(OR(A8="",E8=""),"",IF(M8>0,IF(Q8<=Parametry!$B$8,Parametry!$B$13,0),0)) -> 10 | W8: =IF(OR(A8="",E8=""),"",IF(P8="ANO",Parametry!$B$14,0)) -> 0 | X8: =IF(OR(A8="",E8=""),"",IF(G8="ANO",Parametry!$B$15,0)) -> 0 | Y8: =IF(OR(A8="",E8=""),"",IF(H8="ANO",Parametry!$B$16,0)) -> 0 | Z8: =IF(OR(A8="",E8=""),"",MAX(0,MIN(100,ROUND(AY8+AZ8+BA8+BB8,0)))) -> 71 | AA8: =IF(Z8="","",IF(AW8="STOP","Stop",IF(AW8="MANUAL",IF(Z8>=Parametry!$B$19,"Watchlist","Stop"),IF(Z8>=Parametry!$B$17,"Nízké riziko",IF(Z8>=Parametry!$B$18,"Střední riziko",IF(Z8>=Parametry!$B$19,"Watchlist","Stop")))))) -> Střední riziko | AB8: =IF(AA8="","",MIN(IF(AA8="Nízké riziko",Parametry!$B$20,IF(AA8="Střední riziko",Parametry!$B$21,IF(AA8="Watchlist",Parametry!$B$22,Parametry!$B$23))),IFERROR(INDEX(Ciselniky!$H$3:$H$10,MATCH(AT8,Ciselniky!$F$3:$F$10,0)),0))) -> 0.75 | AC8: =IF(AA8="","",IF(AA8="Stop",0,IF(AA8="Nízké riziko",Parametry!$B$24,IF(AA8="Střední riziko",Parametry!$B$25,IF(AA8="Watchlist",Parametry!$B$26,0)))+IFERROR(INDEX(Ciselniky!$I$3:$I$10,MATCH(AT8,Ciselniky!$F$3:$F$10,0)),0))) -> 0.05 | AD8: =IF(AA8="","",IF(OR(AA8="Stop",AW8="STOP"),"Stop",IF(AW8="MANUAL","Pouze manuálně",IF(AA8="Nízké riziko","Financovat",IF(AA8="Střední riziko","Financovat s limitem",IF(AA8="Watchlist","Pouze manuálně","Stop")))))) -> Financovat s limitem | AE8: =E8 -> 200000 | AF8: =SUMIF($A$6:$A$45,A8,$E$6:$E$45) -> 200000 | AG8: =Parametry!$B$28 -> 5800000 | AH8: =IFERROR(AE8/AF8,"") -> 1 | AI8: =IFERROR(AF8/Parametry!$B$28,"") -> 0.034482759 | AJ8: =IFERROR(AE8/Parametry!$B$28,"") -> 0.034482759 | AK8: =IF(OR(A8="",E8=""),"",MAX(0,100-IF(Parametry!$B$27="early",0.5,IF(Parametry!$B$27="growth",0.75,1))*(IF(AI8<=Parametry!$B$34,0,IF(AI8<=Parametry!$B$34+0.05,8,20))+IF(AH8<=Parametry!$B$35,0,12)+IF(AJ8<=Parametry!$B$36,0,12)))) -> 94 | AL8: =IF(OR(A8="",E8=""),"",IF(Parametry!$B$27="early",IF(OR(AI8>Parametry!$B$34*1.2,AH8>Parametry!$B$35*1.3),"EARLY STAGE EXCEPTION","OK"),IF(Parametry!$B$27="growth",IF(OR(AI8>Parametry!$B$34*1.35,AH8>Parametry!$B$35*1.4),"RED FLAG","OK"),IF(OR(AI8>Parametry!$B$34*1.2,AH8>Parametry!$B$35*1.3),"RED FLAG","OK")))) -> EARLY STAGE EXCEPTION | AM8: =IF(OR(A8="",E8=""),"",IF(COUNTIF($A$6:A8,A8)=1,AF8,"")) -> 200000 | AN8: =IF(A8="","",SUMPRODUCT(($A$6:$A$45=A8)*($E$6:$E$45)*((($C$6:$C$45="")+($C$6:$C$45="Otevřená"))>0))) -> 0 | AO8: =IF(OR(B8="",A8=""),"",SUMPRODUCT(($B$6:$B$45=B8)*($E$6:$E$45)*((($C$6:$C$45="")+($C$6:$C$45="Otevřená"))>0))) -> 100000 | AP8: =IF(OR(A8="",E8=""),"",IF(C8="Uhrazená","",N8)) | AQ8: =IF(OR(A8="",E8=""),"",IF(OR(AW8="STOP",AA8="Stop"),5,IF(OR(G8="ANO",H8="ANO"),4,IF(AL8="RED FLAG",4,IF(OR(AW8="MANUAL",AA8="Watchlist"),3,IF(OR(AL8="EARLY STAGE EXCEPTION",AA8="Střední riziko"),2,IF(AA8="Nízké riziko",1,5))))))) -> 2 | AR8: =IF(OR(A8="",E8=""),"",IF(OR(AQ8="",NOT(ISNUMBER(AQ8))),"",IF(AQ8=1,"Vhodné ke schválení",IF(AQ8=2,"Schválit s výhradou (koncentrace / early stage)",IF(AQ8=3,"Pouze manuálně - anchor rating / watchlist",IF(AQ8=4,"Zamítnout - spor, nesoulad nebo koncentrace",IF(AQ8=5,"STOP",""))))))) -> Schválit s výhradou (koncentrace / early stage) | AS8: =IF(A8="","",TEXT(Z8,"0") & " b | " & AA8 & " | " & AD8 & " | gate " & AW8 & " | rating " & AT8) -> 71 b | Střední riziko | Financovat s limitem | gate OK | rating BBB | AT8: =IF(A8="","",IF(COUNTIF(Ciselniky!$L$3:$L$200,A8)=0,"NR",IF(INDEX(Ciselniky!$M$3:$M$200,MATCH(A8,Ciselniky!$L$3:$L$200,0))="","NR",INDEX(Ciselniky!$M$3:$M$200,MATCH(A8,Ciselniky!$L$3:$L$200,0))))) -> BBB | AU8: =IF(A8="","",IF(AT8="NR","doplňit rating v Ciselniky",IFERROR(IF(INDEX(Ciselniky!$N$3:$N$200,MATCH(A8,Ciselniky!$L$3:$L$200,0))="","anchor master",INDEX(Ciselniky!$N$3:$N$200,MATCH(A8,Ciselniky!$L$3:$L$200,0))),"anchor master"))) -> demo / upravit | AV8: =IF(AT8="","",IFERROR(INDEX(Ciselniky!$G$3:$G$10,MATCH(AT8,Ciselniky!$F$3:$F$10,0)),0)) -> 65 | AW8: =IF(AT8="","",IFERROR(INDEX(Ciselniky!$J$3:$J$10,MATCH(AT8,Ciselniky!$F$3:$F$10,0)),"MANUAL")) -> OK | AX8: =IF(OR(A8="",E8=""),"",MAX(0,MIN(100,SUM(R8:Y8)))) -> 70 | AY8: =IF(OR(A8="",E8=""),"",AV8*Parametry!$B$41) -> 39 | AZ8: =IF(OR(A8="",E8=""),"",AX8*Parametry!$B$42) -> 17.5 | BA8: =IF(OR(A8="",E8=""),"",AK8*Parametry!$B$43) -> 14.1 | BB8: =IF(OR(A8="",E8=""),"",IF(AW8="STOP",-100,IF(AT8="BB",Parametry!$B$47,IF(AT8="NR",Parametry!$B$48,0)))) -> 0
A9: Maersk | B9: Dodavatel C | C9: Otevřená | D9: D004 | E9: 100000 | F9: 46183 | G9: NE | H9: NE | I9: =IF(A9="","",IF(AND(Parametry!$B$39="ANO",B9<>""),COUNTIFS(Historie!$A$2:$A$2000,A9,Historie!$B$2:$B$2000,B9,Historie!$E$2:$E$2000,"<>"),COUNTIFS(Historie!$A$2:$A$2000,A9,Historie!$E$2:$E$2000,"<>"))) -> 7 | J9: =IF(I9=0,"",IFERROR(IF(AND(Parametry!$B$39="ANO",B9<>""),AVERAGEIFS(Historie!$F$2:$F$2000,Historie!$A$2:$A$2000,A9,Historie!$B$2:$B$2000,B9,Historie!$E$2:$E$2000,"<>"),AVERAGEIFS(Historie!$F$2:$F$2000,Historie!$A$2:$A$2000,A9,Historie!$E$2:$E$2000,"<>")),"")) -> -0.14285714 | K9: =IF(I9=0,"",IFERROR(IF(AND(Parametry!$B$39="ANO",B9<>""),COUNTIFS(Historie!$A$2:$A$2000,A9,Historie!$B$2:$B$2000,B9,Historie!$E$2:$E$2000,"<>",Historie!$F$2:$F$2000,">0")/I9,COUNTIFS(Historie!$A$2:$A$2000,A9,Historie!$E$2:$E$2000,"<>",Historie!$F$2:$F$2000,">0")/I9),0)) -> 0.14285714 | L9: =IF(OR(A9="",I9=0),"",IFERROR(DATEDIF(IF(AND(Parametry!$B$39="ANO",B9<>""),_xludf.minifs(Historie!$E$2:$E$2000,Historie!$A$2:$A$2000,A9,Historie!$B$2:$B$2000,B9,Historie!$E$2:$E$2000,"<>"),_xludf.minifs(Historie!$E$2:$E$2000,Historie!$A$2:$A$2000,A9,Historie!$E$2:$E$2000,"<>")),IF(AND(Parametry!$B$39="ANO",B9<>""),_xludf.maxifs(Historie!$E$2:$E$2000,Historie!$A$2:$A$2000,A9,Historie!$B$2:$B$2000,B9,Historie!$E$2:$E$2000,"<>"),_xludf.maxifs(Historie!$E$2:$E$2000,Historie!$A$2:$A$2000,A9,Historie!$E$2:$E$2000,"<>")),"M"),0)) -> 0 | M9: =IF(A9="","",IFERROR(IF(AND(Parametry!$B$39="ANO",B9<>""),AVERAGEIFS(Historie!$C$2:$C$2000,Historie!$A$2:$A$2000,A9,Historie!$B$2:$B$2000,B9,Historie!$E$2:$E$2000,"<>"),AVERAGEIFS(Historie!$C$2:$C$2000,Historie!$A$2:$A$2000,A9,Historie!$E$2:$E$2000,"<>")),"")) -> 1847142.9 | N9: =IF(F9="","",F9-TODAY()) -> 63 | O9: =IF(OR(A9="",E9=""),"",IF(C9="Uhrazená","",N9)) -> 63 | P9: =IF(OR(A9="",E9=""),"",IF(I9=0,"ANO","NE")) -> NE | Q9: =IF(OR(A9="",E9="",M9=0),"",IFERROR(E9/M9,"")) -> 0.054137664 | R9: =IF(OR(A9="",E9=""),"",IF(I9>=Parametry!$B$4,Parametry!$B$9,0)) -> 40 | S9: =IF(OR(A9="",E9=""),"",IF(I9>0,IF(J9<=Parametry!$B$5,Parametry!$B$10,0),0)) -> 20 | T9: =IF(OR(A9="",E9=""),"",IF(I9>0,IF(K9<=Parametry!$B$6,Parametry!$B$11,0),0)) -> 15 | U9: =IF(OR(A9="",E9=""),"",IF(L9>=Parametry!$B$7,Parametry!$B$12,0)) -> 0 | V9: =IF(OR(A9="",E9=""),"",IF(M9>0,IF(Q9<=Parametry!$B$8,Parametry!$B$13,0),0)) -> 10 | W9: =IF(OR(A9="",E9=""),"",IF(P9="ANO",Parametry!$B$14,0)) -> 0 | X9: =IF(OR(A9="",E9=""),"",IF(G9="ANO",Parametry!$B$15,0)) -> 0 | Y9: =IF(OR(A9="",E9=""),"",IF(H9="ANO",Parametry!$B$16,0)) -> 0 | Z9: =IF(OR(A9="",E9=""),"",MAX(0,MIN(100,ROUND(AY9+AZ9+BA9+BB9,0)))) -> 89 | AA9: =IF(Z9="","",IF(AW9="STOP","Stop",IF(AW9="MANUAL",IF(Z9>=Parametry!$B$19,"Watchlist","Stop"),IF(Z9>=Parametry!$B$17,"Nízké riziko",IF(Z9>=Parametry!$B$18,"Střední riziko",IF(Z9>=Parametry!$B$19,"Watchlist","Stop")))))) -> Nízké riziko | AB9: =IF(AA9="","",MIN(IF(AA9="Nízké riziko",Parametry!$B$20,IF(AA9="Střední riziko",Parametry!$B$21,IF(AA9="Watchlist",Parametry!$B$22,Parametry!$B$23))),IFERROR(INDEX(Ciselniky!$H$3:$H$10,MATCH(AT9,Ciselniky!$F$3:$F$10,0)),0))) -> 0.8 | AC9: =IF(AA9="","",IF(AA9="Stop",0,IF(AA9="Nízké riziko",Parametry!$B$24,IF(AA9="Střední riziko",Parametry!$B$25,IF(AA9="Watchlist",Parametry!$B$26,0)))+IFERROR(INDEX(Ciselniky!$I$3:$I$10,MATCH(AT9,Ciselniky!$F$3:$F$10,0)),0))) -> 0.025 | AD9: =IF(AA9="","",IF(OR(AA9="Stop",AW9="STOP"),"Stop",IF(AW9="MANUAL","Pouze manuálně",IF(AA9="Nízké riziko","Financovat",IF(AA9="Střední riziko","Financovat s limitem",IF(AA9="Watchlist","Pouze manuálně","Stop")))))) -> Financovat | AE9: =E9 -> 100000 | AF9: =SUMIF($A$6:$A$45,A9,$E$6:$E$45) -> 3000000 | AG9: =Parametry!$B$28 -> 5800000 | AH9: =IFERROR(AE9/AF9,"") -> 0.033333333 | AI9: =IFERROR(AF9/Parametry!$B$28,"") -> 0.51724138 | AJ9: =IFERROR(AE9/Parametry!$B$28,"") -> 0.017241379 | AK9: =IF(OR(A9="",E9=""),"",MAX(0,100-IF(Parametry!$B$27="early",0.5,IF(Parametry!$B$27="growth",0.75,1))*(IF(AI9<=Parametry!$B$34,0,IF(AI9<=Parametry!$B$34+0.05,8,20))+IF(AH9<=Parametry!$B$35,0,12)+IF(AJ9<=Parametry!$B$36,0,12)))) -> 90 | AL9: =IF(OR(A9="",E9=""),"",IF(Parametry!$B$27="early",IF(OR(AI9>Parametry!$B$34*1.2,AH9>Parametry!$B$35*1.3),"EARLY STAGE EXCEPTION","OK"),IF(Parametry!$B$27="growth",IF(OR(AI9>Parametry!$B$34*1.35,AH9>Parametry!$B$35*1.4),"RED FLAG","OK"),IF(OR(AI9>Parametry!$B$34*1.2,AH9>Parametry!$B$35*1.3),"RED FLAG","OK")))) -> EARLY STAGE EXCEPTION | AM9: =IF(OR(A9="",E9=""),"",IF(COUNTIF($A$6:A9,A9)=1,AF9,"")) | AN9: =IF(A9="","",SUMPRODUCT(($A$6:$A$45=A9)*($E$6:$E$45)*((($C$6:$C$45="")+($C$6:$C$45="Otevřená"))>0))) -> 2600000 | AO9: =IF(OR(B9="",A9=""),"",SUMPRODUCT(($B$6:$B$45=B9)*($E$6:$E$45)*((($C$6:$C$45="")+($C$6:$C$45="Otevřená"))>0))) -> 100000 | AP9: =IF(OR(A9="",E9=""),"",IF(C9="Uhrazená","",N9)) -> 63 | AQ9: =IF(OR(A9="",E9=""),"",IF(OR(AW9="STOP",AA9="Stop"),5,IF(OR(G9="ANO",H9="ANO"),4,IF(AL9="RED FLAG",4,IF(OR(AW9="MANUAL",AA9="Watchlist"),3,IF(OR(AL9="EARLY STAGE EXCEPTION",AA9="Střední riziko"),2,IF(AA9="Nízké riziko",1,5))))))) -> 2 | AR9: =IF(OR(A9="",E9=""),"",IF(OR(AQ9="",NOT(ISNUMBER(AQ9))),"",IF(AQ9=1,"Vhodné ke schválení",IF(AQ9=2,"Schválit s výhradou (koncentrace / early stage)",IF(AQ9=3,"Pouze manuálně - anchor rating / watchlist",IF(AQ9=4,"Zamítnout - spor, nesoulad nebo koncentrace",IF(AQ9=5,"STOP",""))))))) -> Schválit s výhradou (koncentrace / early stage) | AS9: =IF(A9="","",TEXT(Z9,"0") & " b | " & AA9 & " | " & AD9 & " | gate " & AW9 & " | rating " & AT9) -> 89 b | Nízké riziko | Financovat | gate OK | rating AA | AT9: =IF(A9="","",IF(COUNTIF(Ciselniky!$L$3:$L$200,A9)=0,"NR",IF(INDEX(Ciselniky!$M$3:$M$200,MATCH(A9,Ciselniky!$L$3:$L$200,0))="","NR",INDEX(Ciselniky!$M$3:$M$200,MATCH(A9,Ciselniky!$L$3:$L$200,0))))) -> AA | AU9: =IF(A9="","",IF(AT9="NR","doplňit rating v Ciselniky",IFERROR(IF(INDEX(Ciselniky!$N$3:$N$200,MATCH(A9,Ciselniky!$L$3:$L$200,0))="","anchor master",INDEX(Ciselniky!$N$3:$N$200,MATCH(A9,Ciselniky!$L$3:$L$200,0))),"anchor master"))) -> doplňte interní / externí rating | AV9: =IF(AT9="","",IFERROR(INDEX(Ciselniky!$G$3:$G$10,MATCH(AT9,Ciselniky!$F$3:$F$10,0)),0)) -> 90 | AW9: =IF(AT9="","",IFERROR(INDEX(Ciselniky!$J$3:$J$10,MATCH(AT9,Ciselniky!$F$3:$F$10,0)),"MANUAL")) -> OK | AX9: =IF(OR(A9="",E9=""),"",MAX(0,MIN(100,SUM(R9:Y9)))) -> 85 | AY9: =IF(OR(A9="",E9=""),"",AV9*Parametry!$B$41) -> 54 | AZ9: =IF(OR(A9="",E9=""),"",AX9*Parametry!$B$42) -> 21.25 | BA9: =IF(OR(A9="",E9=""),"",AK9*Parametry!$B$43) -> 13.5 | BB9: =IF(OR(A9="",E9=""),"",IF(AW9="STOP",-100,IF(AT9="BB",Parametry!$B$47,IF(AT9="NR",Parametry!$B$48,0)))) -> 0
A10: Maersk | B10: AVS | C10: Uhrazená | D10: D005 | E10: 200000 | F10: 46183 | G10: NE | H10: NE | I10: =IF(A10="","",IF(AND(Parametry!$B$39="ANO",B10<>""),COUNTIFS(Historie!$A$2:$A$2000,A10,Historie!$B$2:$B$2000,B10,Historie!$E$2:$E$2000,"<>"),COUNTIFS(Historie!$A$2:$A$2000,A10,Historie!$E$2:$E$2000,"<>"))) -> 7 | J10: =IF(I10=0,"",IFERROR(IF(AND(Parametry!$B$39="ANO",B10<>""),AVERAGEIFS(Historie!$F$2:$F$2000,Historie!$A$2:$A$2000,A10,Historie!$B$2:$B$2000,B10,Historie!$E$2:$E$2000,"<>"),AVERAGEIFS(Historie!$F$2:$F$2000,Historie!$A$2:$A$2000,A10,Historie!$E$2:$E$2000,"<>")),"")) -> -0.14285714 | K10: =IF(I10=0,"",IFERROR(IF(AND(Parametry!$B$39="ANO",B10<>""),COUNTIFS(Historie!$A$2:$A$2000,A10,Historie!$B$2:$B$2000,B10,Historie!$E$2:$E$2000,"<>",Historie!$F$2:$F$2000,">0")/I10,COUNTIFS(Historie!$A$2:$A$2000,A10,Historie!$E$2:$E$2000,"<>",Historie!$F$2:$F$2000,">0")/I10),0)) -> 0.14285714 | L10: =IF(OR(A10="",I10=0),"",IFERROR(DATEDIF(IF(AND(Parametry!$B$39="ANO",B10<>""),_xludf.minifs(Historie!$E$2:$E$2000,Historie!$A$2:$A$2000,A10,Historie!$B$2:$B$2000,B10,Historie!$E$2:$E$2000,"<>"),_xludf.minifs(Historie!$E$2:$E$2000,Historie!$A$2:$A$2000,A10,Historie!$E$2:$E$2000,"<>")),IF(AND(Parametry!$B$39="ANO",B10<>""),_xludf.maxifs(Historie!$E$2:$E$2000,Historie!$A$2:$A$2000,A10,Historie!$B$2:$B$2000,B10,Historie!$E$2:$E$2000,"<>"),_xludf.maxifs(Historie!$E$2:$E$2000,Historie!$A$2:$A$2000,A10,Historie!$E$2:$E$2000,"<>")),"M"),0)) -> 0 | M10: =IF(A10="","",IFERROR(IF(AND(Parametry!$B$39="ANO",B10<>""),AVERAGEIFS(Historie!$C$2:$C$2000,Historie!$A$2:$A$2000,A10,Historie!$B$2:$B$2000,B10,Historie!$E$2:$E$2000,"<>"),AVERAGEIFS(Historie!$C$2:$C$2000,Historie!$A$2:$A$2000,A10,Historie!$E$2:$E$2000,"<>")),"")) -> 1847142.9 | N10: =IF(F10="","",F10-TODAY()) -> 63 | O10: =IF(OR(A10="",E10=""),"",IF(C10="Uhrazená","",N10)) | P10: =IF(OR(A10="",E10=""),"",IF(I10=0,"ANO","NE")) -> NE | Q10: =IF(OR(A10="",E10="",M10=0),"",IFERROR(E10/M10,"")) -> 0.10827533 | R10: =IF(OR(A10="",E10=""),"",IF(I10>=Parametry!$B$4,Parametry!$B$9,0)) -> 40 | S10: =IF(OR(A10="",E10=""),"",IF(I10>0,IF(J10<=Parametry!$B$5,Parametry!$B$10,0),0)) -> 20 | T10: =IF(OR(A10="",E10=""),"",IF(I10>0,IF(K10<=Parametry!$B$6,Parametry!$B$11,0),0)) -> 15 | U10: =IF(OR(A10="",E10=""),"",IF(L10>=Parametry!$B$7,Parametry!$B$12,0)) -> 0 | V10: =IF(OR(A10="",E10=""),"",IF(M10>0,IF(Q10<=Parametry!$B$8,Parametry!$B$13,0),0)) -> 10 | W10: =IF(OR(A10="",E10=""),"",IF(P10="ANO",Parametry!$B$14,0)) -> 0 | X10: =IF(OR(A10="",E10=""),"",IF(G10="ANO",Parametry!$B$15,0)) -> 0 | Y10: =IF(OR(A10="",E10=""),"",IF(H10="ANO",Parametry!$B$16,0)) -> 0 | Z10: =IF(OR(A10="",E10=""),"",MAX(0,MIN(100,ROUND(AY10+AZ10+BA10+BB10,0)))) -> 89 | AA10: =IF(Z10="","",IF(AW10="STOP","Stop",IF(AW10="MANUAL",IF(Z10>=Parametry!$B$19,"Watchlist","Stop"),IF(Z10>=Parametry!$B$17,"Nízké riziko",IF(Z10>=Parametry!$B$18,"Střední riziko",IF(Z10>=Parametry!$B$19,"Watchlist","Stop")))))) -> Nízké riziko | AB10: =IF(AA10="","",MIN(IF(AA10="Nízké riziko",Parametry!$B$20,IF(AA10="Střední riziko",Parametry!$B$21,IF(AA10="Watchlist",Parametry!$B$22,Parametry!$B$23))),IFERROR(INDEX(Ciselniky!$H$3:$H$10,MATCH(AT10,Ciselniky!$F$3:$F$10,0)),0))) -> 0.8 | AC10: =IF(AA10="","",IF(AA10="Stop",0,IF(AA10="Nízké riziko",Parametry!$B$24,IF(AA10="Střední riziko",Parametry!$B$25,IF(AA10="Watchlist",Parametry!$B$26,0)))+IFERROR(INDEX(Ciselniky!$I$3:$I$10,MATCH(AT10,Ciselniky!$F$3:$F$10,0)),0))) -> 0.025 | AD10: =IF(AA10="","",IF(OR(AA10="Stop",AW10="STOP"),"Stop",IF(AW10="MANUAL","Pouze manuálně",IF(AA10="Nízké riziko","Financovat",IF(AA10="Střední riziko","Financovat s limitem",IF(AA10="Watchlist","Pouze manuálně","Stop")))))) -> Financovat | AE10: =E10 -> 200000 | AF10: =SUMIF($A$6:$A$45,A10,$E$6:$E$45) -> 3000000 | AG10: =Parametry!$B$28 -> 5800000 | AH10: =IFERROR(AE10/AF10,"") -> 0.066666667 | AI10: =IFERROR(AF10/Parametry!$B$28,"") -> 0.51724138 | AJ10: =IFERROR(AE10/Parametry!$B$28,"") -> 0.034482759 | AK10: =IF(OR(A10="",E10=""),"",MAX(0,100-IF(Parametry!$B$27="early",0.5,IF(Parametry!$B$27="growth",0.75,1))*(IF(AI10<=Parametry!$B$34,0,IF(AI10<=Parametry!$B$34+0.05,8,20))+IF(AH10<=Parametry!$B$35,0,12)+IF(AJ10<=Parametry!$B$36,0,12)))) -> 90 | AL10: =IF(OR(A10="",E10=""),"",IF(Parametry!$B$27="early",IF(OR(AI10>Parametry!$B$34*1.2,AH10>Parametry!$B$35*1.3),"EARLY STAGE EXCEPTION","OK"),IF(Parametry!$B$27="growth",IF(OR(AI10>Parametry!$B$34*1.35,AH10>Parametry!$B$35*1.4),"RED FLAG","OK"),IF(OR(AI10>Parametry!$B$34*1.2,AH10>Parametry!$B$35*1.3),"RED FLAG","OK")))) -> EARLY STAGE EXCEPTION | AM10: =IF(OR(A10="",E10=""),"",IF(COUNTIF($A$6:A10,A10)=1,AF10,"")) | AN10: =IF(A10="","",SUMPRODUCT(($A$6:$A$45=A10)*($E$6:$E$45)*((($C$6:$C$45="")+($C$6:$C$45="Otevřená"))>0))) -> 2600000 | AO10: =IF(OR(B10="",A10=""),"",SUMPRODUCT(($B$6:$B$45=B10)*($E$6:$E$45)*((($C$6:$C$45="")+($C$6:$C$45="Otevřená"))>0))) -> 2500000 | AP10: =IF(OR(A10="",E10=""),"",IF(C10="Uhrazená","",N10)) | AQ10: =IF(OR(A10="",E10=""),"",IF(OR(AW10="STOP",AA10="Stop"),5,IF(OR(G10="ANO",H10="ANO"),4,IF(AL10="RED FLAG",4,IF(OR(AW10="MANUAL",AA10="Watchlist"),3,IF(OR(AL10="EARLY STAGE EXCEPTION",AA10="Střední riziko"),2,IF(AA10="Nízké riziko",1,5))))))) -> 2 | AR10: =IF(OR(A10="",E10=""),"",IF(OR(AQ10="",NOT(ISNUMBER(AQ10))),"",IF(AQ10=1,"Vhodné ke schválení",IF(AQ10=2,"Schválit s výhradou (koncentrace / early stage)",IF(AQ10=3,"Pouze manuálně - anchor rating / watchlist",IF(AQ10=4,"Zamítnout - spor, nesoulad nebo koncentrace",IF(AQ10=5,"STOP",""))))))) -> Schválit s výhradou (koncentrace / early stage) | AS10: =IF(A10="","",TEXT(Z10,"0") & " b | " & AA10 & " | " & AD10 & " | gate " & AW10 & " | rating " & AT10) -> 89 b | Nízké riziko | Financovat | gate OK | rating AA | AT10: =IF(A10="","",IF(COUNTIF(Ciselniky!$L$3:$L$200,A10)=0,"NR",IF(INDEX(Ciselniky!$M$3:$M$200,MATCH(A10,Ciselniky!$L$3:$L$200,0))="","NR",INDEX(Ciselniky!$M$3:$M$200,MATCH(A10,Ciselniky!$L$3:$L$200,0))))) -> AA | AU10: =IF(A10="","",IF(AT10="NR","doplňit rating v Ciselniky",IFERROR(IF(INDEX(Ciselniky!$N$3:$N$200,MATCH(A10,Ciselniky!$L$3:$L$200,0))="","anchor master",INDEX(Ciselniky!$N$3:$N$200,MATCH(A10,Ciselniky!$L$3:$L$200,0))),"anchor master"))) -> doplňte interní / externí rating | AV10: =IF(AT10="","",IFERROR(INDEX(Ciselniky!$G$3:$G$10,MATCH(AT10,Ciselniky!$F$3:$F$10,0)),0)) -> 90 | AW10: =IF(AT10="","",IFERROR(INDEX(Ciselniky!$J$3:$J$10,MATCH(AT10,Ciselniky!$F$3:$F$10,0)),"MANUAL")) -> OK | AX10: =IF(OR(A10="",E10=""),"",MAX(0,MIN(100,SUM(R10:Y10)))) -> 85 | AY10: =IF(OR(A10="",E10=""),"",AV10*Parametry!$B$41) -> 54 | AZ10: =IF(OR(A10="",E10=""),"",AX10*Parametry!$B$42) -> 21.25 | BA10: =IF(OR(A10="",E10=""),"",AK10*Parametry!$B$43) -> 13.5 | BB10: =IF(OR(A10="",E10=""),"",IF(AW10="STOP",-100,IF(AT10="BB",Parametry!$B$47,IF(AT10="NR",Parametry!$B$48,0)))) -> 0
A11: Tesco | B11: Bruggy | C11: Otevřená | D11: D006 | E11: 850000 | F11: 46184 | G11: NE | H11: NE | I11: =IF(A11="","",IF(AND(Parametry!$B$39="ANO",B11<>""),COUNTIFS(Historie!$A$2:$A$2000,A11,Historie!$B$2:$B$2000,B11,Historie!$E$2:$E$2000,"<>"),COUNTIFS(Historie!$A$2:$A$2000,A11,Historie!$E$2:$E$2000,"<>"))) -> 1 | J11: =IF(I11=0,"",IFERROR(IF(AND(Parametry!$B$39="ANO",B11<>""),AVERAGEIFS(Historie!$F$2:$F$2000,Historie!$A$2:$A$2000,A11,Historie!$B$2:$B$2000,B11,Historie!$E$2:$E$2000,"<>"),AVERAGEIFS(Historie!$F$2:$F$2000,Historie!$A$2:$A$2000,A11,Historie!$E$2:$E$2000,"<>")),"")) -> 5 | K11: =IF(I11=0,"",IFERROR(IF(AND(Parametry!$B$39="ANO",B11<>""),COUNTIFS(Historie!$A$2:$A$2000,A11,Historie!$B$2:$B$2000,B11,Historie!$E$2:$E$2000,"<>",Historie!$F$2:$F$2000,">0")/I11,COUNTIFS(Historie!$A$2:$A$2000,A11,Historie!$E$2:$E$2000,"<>",Historie!$F$2:$F$2000,">0")/I11),0)) -> 1 | L11: =IF(OR(A11="",I11=0),"",IFERROR(DATEDIF(IF(AND(Parametry!$B$39="ANO",B11<>""),_xludf.minifs(Historie!$E$2:$E$2000,Historie!$A$2:$A$2000,A11,Historie!$B$2:$B$2000,B11,Historie!$E$2:$E$2000,"<>"),_xludf.minifs(Historie!$E$2:$E$2000,Historie!$A$2:$A$2000,A11,Historie!$E$2:$E$2000,"<>")),IF(AND(Parametry!$B$39="ANO",B11<>""),_xludf.maxifs(Historie!$E$2:$E$2000,Historie!$A$2:$A$2000,A11,Historie!$B$2:$B$2000,B11,Historie!$E$2:$E$2000,"<>"),_xludf.maxifs(Historie!$E$2:$E$2000,Historie!$A$2:$A$2000,A11,Historie!$E$2:$E$2000,"<>")),"M"),0)) -> 0 | M11: =IF(A11="","",IFERROR(IF(AND(Parametry!$B$39="ANO",B11<>""),AVERAGEIFS(Historie!$C$2:$C$2000,Historie!$A$2:$A$2000,A11,Historie!$B$2:$B$2000,B11,Historie!$E$2:$E$2000,"<>"),AVERAGEIFS(Historie!$C$2:$C$2000,Historie!$A$2:$A$2000,A11,Historie!$E$2:$E$2000,"<>")),"")) -> 975000 | N11: =IF(F11="","",F11-TODAY()) -> 64 | O11: =IF(OR(A11="",E11=""),"",IF(C11="Uhrazená","",N11)) -> 64 | P11: =IF(OR(A11="",E11=""),"",IF(I11=0,"ANO","NE")) -> NE | Q11: =IF(OR(A11="",E11="",M11=0),"",IFERROR(E11/M11,"")) -> 0.87179487 | R11: =IF(OR(A11="",E11=""),"",IF(I11>=Parametry!$B$4,Parametry!$B$9,0)) -> 0 | S11: =IF(OR(A11="",E11=""),"",IF(I11>0,IF(J11<=Parametry!$B$5,Parametry!$B$10,0),0)) -> 20 | T11: =IF(OR(A11="",E11=""),"",IF(I11>0,IF(K11<=Parametry!$B$6,Parametry!$B$11,0),0)) -> 0 | U11: =IF(OR(A11="",E11=""),"",IF(L11>=Parametry!$B$7,Parametry!$B$12,0)) -> 0 | V11: =IF(OR(A11="",E11=""),"",IF(M11>0,IF(Q11<=Parametry!$B$8,Parametry!$B$13,0),0)) -> 10 | W11: =IF(OR(A11="",E11=""),"",IF(P11="ANO",Parametry!$B$14,0)) -> 0 | X11: =IF(OR(A11="",E11=""),"",IF(G11="ANO",Parametry!$B$15,0)) -> 0 | Y11: =IF(OR(A11="",E11=""),"",IF(H11="ANO",Parametry!$B$16,0)) -> 0 | Z11: =IF(OR(A11="",E11=""),"",MAX(0,MIN(100,ROUND(AY11+AZ11+BA11+BB11,0)))) -> 70 | AA11: =IF(Z11="","",IF(AW11="STOP","Stop",IF(AW11="MANUAL",IF(Z11>=Parametry!$B$19,"Watchlist","Stop"),IF(Z11>=Parametry!$B$17,"Nízké riziko",IF(Z11>=Parametry!$B$18,"Střední riziko",IF(Z11>=Parametry!$B$19,"Watchlist","Stop")))))) -> Střední riziko | AB11: =IF(AA11="","",MIN(IF(AA11="Nízké riziko",Parametry!$B$20,IF(AA11="Střední riziko",Parametry!$B$21,IF(AA11="Watchlist",Parametry!$B$22,Parametry!$B$23))),IFERROR(INDEX(Ciselniky!$H$3:$H$10,MATCH(AT11,Ciselniky!$F$3:$F$10,0)),0))) -> 0.75 | AC11: =IF(AA11="","",IF(AA11="Stop",0,IF(AA11="Nízké riziko",Parametry!$B$24,IF(AA11="Střední riziko",Parametry!$B$25,IF(AA11="Watchlist",Parametry!$B$26,0)))+IFERROR(INDEX(Ciselniky!$I$3:$I$10,MATCH(AT11,Ciselniky!$F$3:$F$10,0)),0))) -> 0.045 | AD11: =IF(AA11="","",IF(OR(AA11="Stop",AW11="STOP"),"Stop",IF(AW11="MANUAL","Pouze manuálně",IF(AA11="Nízké riziko","Financovat",IF(AA11="Střední riziko","Financovat s limitem",IF(AA11="Watchlist","Pouze manuálně","Stop")))))) -> Financovat s limitem | AE11: =E11 -> 850000 | AF11: =SUMIF($A$6:$A$45,A11,$E$6:$E$45) -> 1700000 | AG11: =Parametry!$B$28 -> 5800000 | AH11: =IFERROR(AE11/AF11,"") -> 0.5 | AI11: =IFERROR(AF11/Parametry!$B$28,"") -> 0.29310345 | AJ11: =IFERROR(AE11/Parametry!$B$28,"") -> 0.14655172 | AK11: =IF(OR(A11="",E11=""),"",MAX(0,100-IF(Parametry!$B$27="early",0.5,IF(Parametry!$B$27="growth",0.75,1))*(IF(AI11<=Parametry!$B$34,0,IF(AI11<=Parametry!$B$34+0.05,8,20))+IF(AH11<=Parametry!$B$35,0,12)+IF(AJ11<=Parametry!$B$36,0,12)))) -> 94 | AL11: =IF(OR(A11="",E11=""),"",IF(Parametry!$B$27="early",IF(OR(AI11>Parametry!$B$34*1.2,AH11>Parametry!$B$35*1.3),"EARLY STAGE EXCEPTION","OK"),IF(Parametry!$B$27="growth",IF(OR(AI11>Parametry!$B$34*1.35,AH11>Parametry!$B$35*1.4),"RED FLAG","OK"),IF(OR(AI11>Parametry!$B$34*1.2,AH11>Parametry!$B$35*1.3),"RED FLAG","OK")))) -> EARLY STAGE EXCEPTION | AM11: =IF(OR(A11="",E11=""),"",IF(COUNTIF($A$6:A11,A11)=1,AF11,"")) -> 1700000 | AN11: =IF(A11="","",SUMPRODUCT(($A$6:$A$45=A11)*($E$6:$E$45)*((($C$6:$C$45="")+($C$6:$C$45="Otevřená"))>0))) -> 1700000 | AO11: =IF(OR(B11="",A11=""),"",SUMPRODUCT(($B$6:$B$45=B11)*($E$6:$E$45)*((($C$6:$C$45="")+($C$6:$C$45="Otevřená"))>0))) -> 1700000 | AP11: =IF(OR(A11="",E11=""),"",IF(C11="Uhrazená","",N11)) -> 64 | AQ11: =IF(OR(A11="",E11=""),"",IF(OR(AW11="STOP",AA11="Stop"),5,IF(OR(G11="ANO",H11="ANO"),4,IF(AL11="RED FLAG",4,IF(OR(AW11="MANUAL",AA11="Watchlist"),3,IF(OR(AL11="EARLY STAGE EXCEPTION",AA11="Střední riziko"),2,IF(AA11="Nízké riziko",1,5))))))) -> 2 | AR11: =IF(OR(A11="",E11=""),"",IF(OR(AQ11="",NOT(ISNUMBER(AQ11))),"",IF(AQ11=1,"Vhodné ke schválení",IF(AQ11=2,"Schválit s výhradou (koncentrace / early stage)",IF(AQ11=3,"Pouze manuálně - anchor rating / watchlist",IF(AQ11=4,"Zamítnout - spor, nesoulad nebo koncentrace",IF(AQ11=5,"STOP",""))))))) -> Schválit s výhradou (koncentrace / early stage) | AS11: =IF(A11="","",TEXT(Z11,"0") & " b | " & AA11 & " | " & AD11 & " | gate " & AW11 & " | rating " & AT11) -> 70 b | Střední riziko | Financovat s limitem | gate OK | rating A | AT11: =IF(A11="","",IF(COUNTIF(Ciselniky!$L$3:$L$200,A11)=0,"NR",IF(INDEX(Ciselniky!$M$3:$M$200,MATCH(A11,Ciselniky!$L$3:$L$200,0))="","NR",INDEX(Ciselniky!$M$3:$M$200,MATCH(A11,Ciselniky!$L$3:$L$200,0))))) -> A | AU11: =IF(A11="","",IF(AT11="NR","doplňit rating v Ciselniky",IFERROR(IF(INDEX(Ciselniky!$N$3:$N$200,MATCH(A11,Ciselniky!$L$3:$L$200,0))="","anchor master",INDEX(Ciselniky!$N$3:$N$200,MATCH(A11,Ciselniky!$L$3:$L$200,0))),"anchor master"))) -> doplňte interní / externí rating | AV11: =IF(AT11="","",IFERROR(INDEX(Ciselniky!$G$3:$G$10,MATCH(AT11,Ciselniky!$F$3:$F$10,0)),0)) -> 80 | AW11: =IF(AT11="","",IFERROR(INDEX(Ciselniky!$J$3:$J$10,MATCH(AT11,Ciselniky!$F$3:$F$10,0)),"MANUAL")) -> OK | AX11: =IF(OR(A11="",E11=""),"",MAX(0,MIN(100,SUM(R11:Y11)))) -> 30 | AY11: =IF(OR(A11="",E11=""),"",AV11*Parametry!$B$41) -> 48 | AZ11: =IF(OR(A11="",E11=""),"",AX11*Parametry!$B$42) -> 7.5 | BA11: =IF(OR(A11="",E11=""),"",AK11*Parametry!$B$43) -> 14.1 | BB11: =IF(OR(A11="",E11=""),"",IF(AW11="STOP",-100,IF(AT11="BB",Parametry!$B$47,IF(AT11="NR",Parametry!$B$48,0)))) -> 0
A12: Maersk | B12: AVS | C12: Uhrazená | D12: D007 | E12: 200000 | F12: 46183 | G12: NE | H12: NE | I12: =IF(A12="","",IF(AND(Parametry!$B$39="ANO",B12<>""),COUNTIFS(Historie!$A$2:$A$2000,A12,Historie!$B$2:$B$2000,B12,Historie!$E$2:$E$2000,"<>"),COUNTIFS(Historie!$A$2:$A$2000,A12,Historie!$E$2:$E$2000,"<>"))) -> 7 | J12: =IF(I12=0,"",IFERROR(IF(AND(Parametry!$B$39="ANO",B12<>""),AVERAGEIFS(Historie!$F$2:$F$2000,Historie!$A$2:$A$2000,A12,Historie!$B$2:$B$2000,B12,Historie!$E$2:$E$2000,"<>"),AVERAGEIFS(Historie!$F$2:$F$2000,Historie!$A$2:$A$2000,A12,Historie!$E$2:$E$2000,"<>")),"")) -> -0.14285714 | K12: =IF(I12=0,"",IFERROR(IF(AND(Parametry!$B$39="ANO",B12<>""),COUNTIFS(Historie!$A$2:$A$2000,A12,Historie!$B$2:$B$2000,B12,Historie!$E$2:$E$2000,"<>",Historie!$F$2:$F$2000,">0")/I12,COUNTIFS(Historie!$A$2:$A$2000,A12,Historie!$E$2:$E$2000,"<>",Historie!$F$2:$F$2000,">0")/I12),0)) -> 0.14285714 | L12: =IF(OR(A12="",I12=0),"",IFERROR(DATEDIF(IF(AND(Parametry!$B$39="ANO",B12<>""),_xludf.minifs(Historie!$E$2:$E$2000,Historie!$A$2:$A$2000,A12,Historie!$B$2:$B$2000,B12,Historie!$E$2:$E$2000,"<>"),_xludf.minifs(Historie!$E$2:$E$2000,Historie!$A$2:$A$2000,A12,Historie!$E$2:$E$2000,"<>")),IF(AND(Parametry!$B$39="ANO",B12<>""),_xludf.maxifs(Historie!$E$2:$E$2000,Historie!$A$2:$A$2000,A12,Historie!$B$2:$B$2000,B12,Historie!$E$2:$E$2000,"<>"),_xludf.maxifs(Historie!$E$2:$E$2000,Historie!$A$2:$A$2000,A12,Historie!$E$2:$E$2000,"<>")),"M"),0)) -> 0 | M12: =IF(A12="","",IFERROR(IF(AND(Parametry!$B$39="ANO",B12<>""),AVERAGEIFS(Historie!$C$2:$C$2000,Historie!$A$2:$A$2000,A12,Historie!$B$2:$B$2000,B12,Historie!$E$2:$E$2000,"<>"),AVERAGEIFS(Historie!$C$2:$C$2000,Historie!$A$2:$A$2000,A12,Historie!$E$2:$E$2000,"<>")),"")) -> 1847142.9 | N12: =IF(F12="","",F12-TODAY()) -> 63 | O12: =IF(OR(A12="",E12=""),"",IF(C12="Uhrazená","",N12)) | P12: =IF(OR(A12="",E12=""),"",IF(I12=0,"ANO","NE")) -> NE | Q12: =IF(OR(A12="",E12="",M12=0),"",IFERROR(E12/M12,"")) -> 0.10827533 | R12: =IF(OR(A12="",E12=""),"",IF(I12>=Parametry!$B$4,Parametry!$B$9,0)) -> 40 | S12: =IF(OR(A12="",E12=""),"",IF(I12>0,IF(J12<=Parametry!$B$5,Parametry!$B$10,0),0)) -> 20 | T12: =IF(OR(A12="",E12=""),"",IF(I12>0,IF(K12<=Parametry!$B$6,Parametry!$B$11,0),0)) -> 15 | U12: =IF(OR(A12="",E12=""),"",IF(L12>=Parametry!$B$7,Parametry!$B$12,0)) -> 0 | V12: =IF(OR(A12="",E12=""),"",IF(M12>0,IF(Q12<=Parametry!$B$8,Parametry!$B$13,0),0)) -> 10 | W12: =IF(OR(A12="",E12=""),"",IF(P12="ANO",Parametry!$B$14,0)) -> 0 | X12: =IF(OR(A12="",E12=""),"",IF(G12="ANO",Parametry!$B$15,0)) -> 0 | Y12: =IF(OR(A12="",E12=""),"",IF(H12="ANO",Parametry!$B$16,0)) -> 0 | Z12: =IF(OR(A12="",E12=""),"",MAX(0,MIN(100,ROUND(AY12+AZ12+BA12+BB12,0)))) -> 89 | AA12: =IF(Z12="","",IF(AW12="STOP","Stop",IF(AW12="MANUAL",IF(Z12>=Parametry!$B$19,"Watchlist","Stop"),IF(Z12>=Parametry!$B$17,"Nízké riziko",IF(Z12>=Parametry!$B$18,"Střední riziko",IF(Z12>=Parametry!$B$19,"Watchlist","Stop")))))) -> Nízké riziko | AB12: =IF(AA12="","",MIN(IF(AA12="Nízké riziko",Parametry!$B$20,IF(AA12="Střední riziko",Parametry!$B$21,IF(AA12="Watchlist",Parametry!$B$22,Parametry!$B$23))),IFERROR(INDEX(Ciselniky!$H$3:$H$10,MATCH(AT12,Ciselniky!$F$3:$F$10,0)),0))) -> 0.8 | AC12: =IF(AA12="","",IF(AA12="Stop",0,IF(AA12="Nízké riziko",Parametry!$B$24,IF(AA12="Střední riziko",Parametry!$B$25,IF(AA12="Watchlist",Parametry!$B$26,0)))+IFERROR(INDEX(Ciselniky!$I$3:$I$10,MATCH(AT12,Ciselniky!$F$3:$F$10,0)),0))) -> 0.025 | AD12: =IF(AA12="","",IF(OR(AA12="Stop",AW12="STOP"),"Stop",IF(AW12="MANUAL","Pouze manuálně",IF(AA12="Nízké riziko","Financovat",IF(AA12="Střední riziko","Financovat s limitem",IF(AA12="Watchlist","Pouze manuálně","Stop")))))) -> Financovat | AE12: =E12 -> 200000 | AF12: =SUMIF($A$6:$A$45,A12,$E$6:$E$45) -> 3000000 | AG12: =Parametry!$B$28 -> 5800000 | AH12: =IFERROR(AE12/AF12,"") -> 0.066666667 | AI12: =IFERROR(AF12/Parametry!$B$28,"") -> 0.51724138 | AJ12: =IFERROR(AE12/Parametry!$B$28,"") -> 0.034482759 | AK12: =IF(OR(A12="",E12=""),"",MAX(0,100-IF(Parametry!$B$27="early",0.5,IF(Parametry!$B$27="growth",0.75,1))*(IF(AI12<=Parametry!$B$34,0,IF(AI12<=Parametry!$B$34+0.05,8,20))+IF(AH12<=Parametry!$B$35,0,12)+IF(AJ12<=Parametry!$B$36,0,12)))) -> 90 | AL12: =IF(OR(A12="",E12=""),"",IF(Parametry!$B$27="early",IF(OR(AI12>Parametry!$B$34*1.2,AH12>Parametry!$B$35*1.3),"EARLY STAGE EXCEPTION","OK"),IF(Parametry!$B$27="growth",IF(OR(AI12>Parametry!$B$34*1.35,AH12>Parametry!$B$35*1.4),"RED FLAG","OK"),IF(OR(AI12>Parametry!$B$34*1.2,AH12>Parametry!$B$35*1.3),"RED FLAG","OK")))) -> EARLY STAGE EXCEPTION | AM12: =IF(OR(A12="",E12=""),"",IF(COUNTIF($A$6:A12,A12)=1,AF12,"")) | AN12: =IF(A12="","",SUMPRODUCT(($A$6:$A$45=A12)*($E$6:$E$45)*((($C$6:$C$45="")+($C$6:$C$45="Otevřená"))>0))) -> 2600000 | AO12: =IF(OR(B12="",A12=""),"",SUMPRODUCT(($B$6:$B$45=B12)*($E$6:$E$45)*((($C$6:$C$45="")+($C$6:$C$45="Otevřená"))>0))) -> 2500000 | AP12: =IF(OR(A12="",E12=""),"",IF(C12="Uhrazená","",N12)) | AQ12: =IF(OR(A12="",E12=""),"",IF(OR(AW12="STOP",AA12="Stop"),5,IF(OR(G12="ANO",H12="ANO"),4,IF(AL12="RED FLAG",4,IF(OR(AW12="MANUAL",AA12="Watchlist"),3,IF(OR(AL12="EARLY STAGE EXCEPTION",AA12="Střední riziko"),2,IF(AA12="Nízké riziko",1,5))))))) -> 2 | AR12: =IF(OR(A12="",E12=""),"",IF(OR(AQ12="",NOT(ISNUMBER(AQ12))),"",IF(AQ12=1,"Vhodné ke schválení",IF(AQ12=2,"Schválit s výhradou (koncentrace / early stage)",IF(AQ12=3,"Pouze manuálně - anchor rating / watchlist",IF(AQ12=4,"Zamítnout - spor, nesoulad nebo koncentrace",IF(AQ12=5,"STOP",""))))))) -> Schválit s výhradou (koncentrace / early stage) | AS12: =IF(A12="","",TEXT(Z12,"0") & " b | " & AA12 & " | " & AD12 & " | gate " & AW12 & " | rating " & AT12) -> 89 b | Nízké riziko | Financovat | gate OK | rating AA | AT12: =IF(A12="","",IF(COUNTIF(Ciselniky!$L$3:$L$200,A12)=0,"NR",IF(INDEX(Ciselniky!$M$3:$M$200,MATCH(A12,Ciselniky!$L$3:$L$200,0))="","NR",INDEX(Ciselniky!$M$3:$M$200,MATCH(A12,Ciselniky!$L$3:$L$200,0))))) -> AA | AU12: =IF(A12="","",IF(AT12="NR","doplňit rating v Ciselniky",IFERROR(IF(INDEX(Ciselniky!$N$3:$N$200,MATCH(A12,Ciselniky!$L$3:$L$200,0))="","anchor master",INDEX(Ciselniky!$N$3:$N$200,MATCH(A12,Ciselniky!$L$3:$L$200,0))),"anchor master"))) -> doplňte interní / externí rating | AV12: =IF(AT12="","",IFERROR(INDEX(Ciselniky!$G$3:$G$10,MATCH(AT12,Ciselniky!$F$3:$F$10,0)),0)) -> 90 | AW12: =IF(AT12="","",IFERROR(INDEX(Ciselniky!$J$3:$J$10,MATCH(AT12,Ciselniky!$F$3:$F$10,0)),"MANUAL")) -> OK | AX12: =IF(OR(A12="",E12=""),"",MAX(0,MIN(100,SUM(R12:Y12)))) -> 85 | AY12: =IF(OR(A12="",E12=""),"",AV12*Parametry!$B$41) -> 54 | AZ12: =IF(OR(A12="",E12=""),"",AX12*Parametry!$B$42) -> 21.25 | BA12: =IF(OR(A12="",E12=""),"",AK12*Parametry!$B$43) -> 13.5 | BB12: =IF(OR(A12="",E12=""),"",IF(AW12="STOP",-100,IF(AT12="BB",Parametry!$B$47,IF(AT12="NR",Parametry!$B$48,0)))) -> 0
A13: Tesco | B13: Bruggy | C13: Otevřená | D13: D008 | E13: 850000 | F13: 46184 | G13: NE | H13: NE | I13: =IF(A13="","",IF(AND(Parametry!$B$39="ANO",B13<>""),COUNTIFS(Historie!$A$2:$A$2000,A13,Historie!$B$2:$B$2000,B13,Historie!$E$2:$E$2000,"<>"),COUNTIFS(Historie!$A$2:$A$2000,A13,Historie!$E$2:$E$2000,"<>"))) -> 1 | J13: =IF(I13=0,"",IFERROR(IF(AND(Parametry!$B$39="ANO",B13<>""),AVERAGEIFS(Historie!$F$2:$F$2000,Historie!$A$2:$A$2000,A13,Historie!$B$2:$B$2000,B13,Historie!$E$2:$E$2000,"<>"),AVERAGEIFS(Historie!$F$2:$F$2000,Historie!$A$2:$A$2000,A13,Historie!$E$2:$E$2000,"<>")),"")) -> 5 | K13: =IF(I13=0,"",IFERROR(IF(AND(Parametry!$B$39="ANO",B13<>""),COUNTIFS(Historie!$A$2:$A$2000,A13,Historie!$B$2:$B$2000,B13,Historie!$E$2:$E$2000,"<>",Historie!$F$2:$F$2000,">0")/I13,COUNTIFS(Historie!$A$2:$A$2000,A13,Historie!$E$2:$E$2000,"<>",Historie!$F$2:$F$2000,">0")/I13),0)) -> 1 | L13: =IF(OR(A13="",I13=0),"",IFERROR(DATEDIF(IF(AND(Parametry!$B$39="ANO",B13<>""),_xludf.minifs(Historie!$E$2:$E$2000,Historie!$A$2:$A$2000,A13,Historie!$B$2:$B$2000,B13,Historie!$E$2:$E$2000,"<>"),_xludf.minifs(Historie!$E$2:$E$2000,Historie!$A$2:$A$2000,A13,Historie!$E$2:$E$2000,"<>")),IF(AND(Parametry!$B$39="ANO",B13<>""),_xludf.maxifs(Historie!$E$2:$E$2000,Historie!$A$2:$A$2000,A13,Historie!$B$2:$B$2000,B13,Historie!$E$2:$E$2000,"<>"),_xludf.maxifs(Historie!$E$2:$E$2000,Historie!$A$2:$A$2000,A13,Historie!$E$2:$E$2000,"<>")),"M"),0)) -> 0 | M13: =IF(A13="","",IFERROR(IF(AND(Parametry!$B$39="ANO",B13<>""),AVERAGEIFS(Historie!$C$2:$C$2000,Historie!$A$2:$A$2000,A13,Historie!$B$2:$B$2000,B13,Historie!$E$2:$E$2000,"<>"),AVERAGEIFS(Historie!$C$2:$C$2000,Historie!$A$2:$A$2000,A13,Historie!$E$2:$E$2000,"<>")),"")) -> 975000 | N13: =IF(F13="","",F13-TODAY()) -> 64 | O13: =IF(OR(A13="",E13=""),"",IF(C13="Uhrazená","",N13)) -> 64 | P13: =IF(OR(A13="",E13=""),"",IF(I13=0,"ANO","NE")) -> NE | Q13: =IF(OR(A13="",E13="",M13=0),"",IFERROR(E13/M13,"")) -> 0.87179487 | R13: =IF(OR(A13="",E13=""),"",IF(I13>=Parametry!$B$4,Parametry!$B$9,0)) -> 0 | S13: =IF(OR(A13="",E13=""),"",IF(I13>0,IF(J13<=Parametry!$B$5,Parametry!$B$10,0),0)) -> 20 | T13: =IF(OR(A13="",E13=""),"",IF(I13>0,IF(K13<=Parametry!$B$6,Parametry!$B$11,0),0)) -> 0 | U13: =IF(OR(A13="",E13=""),"",IF(L13>=Parametry!$B$7,Parametry!$B$12,0)) -> 0 | V13: =IF(OR(A13="",E13=""),"",IF(M13>0,IF(Q13<=Parametry!$B$8,Parametry!$B$13,0),0)) -> 10 | W13: =IF(OR(A13="",E13=""),"",IF(P13="ANO",Parametry!$B$14,0)) -> 0 | X13: =IF(OR(A13="",E13=""),"",IF(G13="ANO",Parametry!$B$15,0)) -> 0 | Y13: =IF(OR(A13="",E13=""),"",IF(H13="ANO",Parametry!$B$16,0)) -> 0 | Z13: =IF(OR(A13="",E13=""),"",MAX(0,MIN(100,ROUND(AY13+AZ13+BA13+BB13,0)))) -> 70 | AA13: =IF(Z13="","",IF(AW13="STOP","Stop",IF(AW13="MANUAL",IF(Z13>=Parametry!$B$19,"Watchlist","Stop"),IF(Z13>=Parametry!$B$17,"Nízké riziko",IF(Z13>=Parametry!$B$18,"Střední riziko",IF(Z13>=Parametry!$B$19,"Watchlist","Stop")))))) -> Střední riziko | AB13: =IF(AA13="","",MIN(IF(AA13="Nízké riziko",Parametry!$B$20,IF(AA13="Střední riziko",Parametry!$B$21,IF(AA13="Watchlist",Parametry!$B$22,Parametry!$B$23))),IFERROR(INDEX(Ciselniky!$H$3:$H$10,MATCH(AT13,Ciselniky!$F$3:$F$10,0)),0))) -> 0.75 | AC13: =IF(AA13="","",IF(AA13="Stop",0,IF(AA13="Nízké riziko",Parametry!$B$24,IF(AA13="Střední riziko",Parametry!$B$25,IF(AA13="Watchlist",Parametry!$B$26,0)))+IFERROR(INDEX(Ciselniky!$I$3:$I$10,MATCH(AT13,Ciselniky!$F$3:$F$10,0)),0))) -> 0.045 | AD13: =IF(AA13="","",IF(OR(AA13="Stop",AW13="STOP"),"Stop",IF(AW13="MANUAL","Pouze manuálně",IF(AA13="Nízké riziko","Financovat",IF(AA13="Střední riziko","Financovat s limitem",IF(AA13="Watchlist","Pouze manuálně","Stop")))))) -> Financovat s limitem | AE13: =E13 -> 850000 | AF13: =SUMIF($A$6:$A$45,A13,$E$6:$E$45) -> 1700000 | AG13: =Parametry!$B$28 -> 5800000 | AH13: =IFERROR(AE13/AF13,"") -> 0.5 | AI13: =IFERROR(AF13/Parametry!$B$28,"") -> 0.29310345 | AJ13: =IFERROR(AE13/Parametry!$B$28,"") -> 0.14655172 | AK13: =IF(OR(A13="",E13=""),"",MAX(0,100-IF(Parametry!$B$27="early",0.5,IF(Parametry!$B$27="growth",0.75,1))*(IF(AI13<=Parametry!$B$34,0,IF(AI13<=Parametry!$B$34+0.05,8,20))+IF(AH13<=Parametry!$B$35,0,12)+IF(AJ13<=Parametry!$B$36,0,12)))) -> 94 | AL13: =IF(OR(A13="",E13=""),"",IF(Parametry!$B$27="early",IF(OR(AI13>Parametry!$B$34*1.2,AH13>Parametry!$B$35*1.3),"EARLY STAGE EXCEPTION","OK"),IF(Parametry!$B$27="growth",IF(OR(AI13>Parametry!$B$34*1.35,AH13>Parametry!$B$35*1.4),"RED FLAG","OK"),IF(OR(AI13>Parametry!$B$34*1.2,AH13>Parametry!$B$35*1.3),"RED FLAG","OK")))) -> EARLY STAGE EXCEPTION | AM13: =IF(OR(A13="",E13=""),"",IF(COUNTIF($A$6:A13,A13)=1,AF13,"")) | AN13: =IF(A13="","",SUMPRODUCT(($A$6:$A$45=A13)*($E$6:$E$45)*((($C$6:$C$45="")+($C$6:$C$45="Otevřená"))>0))) -> 1700000 | AO13: =IF(OR(B13="",A13=""),"",SUMPRODUCT(($B$6:$B$45=B13)*($E$6:$E$45)*((($C$6:$C$45="")+($C$6:$C$45="Otevřená"))>0))) -> 1700000 | AP13: =IF(OR(A13="",E13=""),"",IF(C13="Uhrazená","",N13)) -> 64 | AQ13: =IF(OR(A13="",E13=""),"",IF(OR(AW13="STOP",AA13="Stop"),5,IF(OR(G13="ANO",H13="ANO"),4,IF(AL13="RED FLAG",4,IF(OR(AW13="MANUAL",AA13="Watchlist"),3,IF(OR(AL13="EARLY STAGE EXCEPTION",AA13="Střední riziko"),2,IF(AA13="Nízké riziko",1,5))))))) -> 2 | AR13: =IF(OR(A13="",E13=""),"",IF(OR(AQ13="",NOT(ISNUMBER(AQ13))),"",IF(AQ13=1,"Vhodné ke schválení",IF(AQ13=2,"Schválit s výhradou (koncentrace / early stage)",IF(AQ13=3,"Pouze manuálně - anchor rating / watchlist",IF(AQ13=4,"Zamítnout - spor, nesoulad nebo koncentrace",IF(AQ13=5,"STOP",""))))))) -> Schválit s výhradou (koncentrace / early stage) | AS13: =IF(A13="","",TEXT(Z13,"0") & " b | " & AA13 & " | " & AD13 & " | gate " & AW13 & " | rating " & AT13) -> 70 b | Střední riziko | Financovat s limitem | gate OK | rating A | AT13: =IF(A13="","",IF(COUNTIF(Ciselniky!$L$3:$L$200,A13)=0,"NR",IF(INDEX(Ciselniky!$M$3:$M$200,MATCH(A13,Ciselniky!$L$3:$L$200,0))="","NR",INDEX(Ciselniky!$M$3:$M$200,MATCH(A13,Ciselniky!$L$3:$L$200,0))))) -> A | AU13: =IF(A13="","",IF(AT13="NR","doplňit rating v Ciselniky",IFERROR(IF(INDEX(Ciselniky!$N$3:$N$200,MATCH(A13,Ciselniky!$L$3:$L$200,0))="","anchor master",INDEX(Ciselniky!$N$3:$N$200,MATCH(A13,Ciselniky!$L$3:$L$200,0))),"anchor master"))) -> doplňte interní / externí rating | AV13: =IF(AT13="","",IFERROR(INDEX(Ciselniky!$G$3:$G$10,MATCH(AT13,Ciselniky!$F$3:$F$10,0)),0)) -> 80 | AW13: =IF(AT13="","",IFERROR(INDEX(Ciselniky!$J$3:$J$10,MATCH(AT13,Ciselniky!$F$3:$F$10,0)),"MANUAL")) -> OK | AX13: =IF(OR(A13="",E13=""),"",MAX(0,MIN(100,SUM(R13:Y13)))) -> 30 | AY13: =IF(OR(A13="",E13=""),"",AV13*Parametry!$B$41) -> 48 | AZ13: =IF(OR(A13="",E13=""),"",AX13*Parametry!$B$42) -> 7.5 | BA13: =IF(OR(A13="",E13=""),"",AK13*Parametry!$B$43) -> 14.1 | BB13: =IF(OR(A13="",E13=""),"",IF(AW13="STOP",-100,IF(AT13="BB",Parametry!$B$47,IF(AT13="NR",Parametry!$B$48,0)))) -> 0
I14: =IF(A14="","",IF(AND(Parametry!$B$39="ANO",B14<>""),COUNTIFS(Historie!$A$2:$A$2000,A14,Historie!$B$2:$B$2000,B14,Historie!$E$2:$E$2000,"<>"),COUNTIFS(Historie!$A$2:$A$2000,A14,Historie!$E$2:$E$2000,"<>"))) | J14: =IF(I14=0,"",IFERROR(IF(AND(Parametry!$B$39="ANO",B14<>""),AVERAGEIFS(Historie!$F$2:$F$2000,Historie!$A$2:$A$2000,A14,Historie!$B$2:$B$2000,B14,Historie!$E$2:$E$2000,"<>"),AVERAGEIFS(Historie!$F$2:$F$2000,Historie!$A$2:$A$2000,A14,Historie!$E$2:$E$2000,"<>")),"")) | K14: =IF(I14=0,"",IFERROR(IF(AND(Parametry!$B$39="ANO",B14<>""),COUNTIFS(Historie!$A$2:$A$2000,A14,Historie!$B$2:$B$2000,B14,Historie!$E$2:$E$2000,"<>",Historie!$F$2:$F$2000,">0")/I14,COUNTIFS(Historie!$A$2:$A$2000,A14,Historie!$E$2:$E$2000,"<>",Historie!$F$2:$F$2000,">0")/I14),0)) -> 0 | L14: =IF(OR(A14="",I14=0),"",IFERROR(DATEDIF(IF(AND(Parametry!$B$39="ANO",B14<>""),_xludf.minifs(Historie!$E$2:$E$2000,Historie!$A$2:$A$2000,A14,Historie!$B$2:$B$2000,B14,Historie!$E$2:$E$2000,"<>"),_xludf.minifs(Historie!$E$2:$E$2000,Historie!$A$2:$A$2000,A14,Historie!$E$2:$E$2000,"<>")),IF(AND(Parametry!$B$39="ANO",B14<>""),_xludf.maxifs(Historie!$E$2:$E$2000,Historie!$A$2:$A$2000,A14,Historie!$B$2:$B$2000,B14,Historie!$E$2:$E$2000,"<>"),_xludf.maxifs(Historie!$E$2:$E$2000,Historie!$A$2:$A$2000,A14,Historie!$E$2:$E$2000,"<>")),"M"),0)) | M14: =IF(A14="","",IFERROR(IF(AND(Parametry!$B$39="ANO",B14<>""),AVERAGEIFS(Historie!$C$2:$C$2000,Historie!$A$2:$A$2000,A14,Historie!$B$2:$B$2000,B14,Historie!$E$2:$E$2000,"<>"),AVERAGEIFS(Historie!$C$2:$C$2000,Historie!$A$2:$A$2000,A14,Historie!$E$2:$E$2000,"<>")),"")) | N14: =IF(F14="","",F14-TODAY()) | O14: =IF(OR(A14="",E14=""),"",IF(C14="Uhrazená","",N14)) | P14: =IF(OR(A14="",E14=""),"",IF(I14=0,"ANO","NE")) | Q14: =IF(OR(A14="",E14="",M14=0),"",IFERROR(E14/M14,"")) | R14: =IF(OR(A14="",E14=""),"",IF(I14>=Parametry!$B$4,Parametry!$B$9,0)) | S14: =IF(OR(A14="",E14=""),"",IF(I14>0,IF(J14<=Parametry!$B$5,Parametry!$B$10,0),0)) | T14: =IF(OR(A14="",E14=""),"",IF(I14>0,IF(K14<=Parametry!$B$6,Parametry!$B$11,0),0)) | U14: =IF(OR(A14="",E14=""),"",IF(L14>=Parametry!$B$7,Parametry!$B$12,0)) | V14: =IF(OR(A14="",E14=""),"",IF(M14>0,IF(Q14<=Parametry!$B$8,Parametry!$B$13,0),0)) | W14: =IF(OR(A14="",E14=""),"",IF(P14="ANO",Parametry!$B$14,0)) | X14: =IF(OR(A14="",E14=""),"",IF(G14="ANO",Parametry!$B$15,0)) | Y14: =IF(OR(A14="",E14=""),"",IF(H14="ANO",Parametry!$B$16,0)) | Z14: =IF(OR(A14="",E14=""),"",MAX(0,MIN(100,ROUND(AY14+AZ14+BA14+BB14,0)))) | AA14: =IF(Z14="","",IF(AW14="STOP","Stop",IF(AW14="MANUAL",IF(Z14>=Parametry!$B$19,"Watchlist","Stop"),IF(Z14>=Parametry!$B$17,"Nízké riziko",IF(Z14>=Parametry!$B$18,"Střední riziko",IF(Z14>=Parametry!$B$19,"Watchlist","Stop")))))) | AB14: =IF(AA14="","",MIN(IF(AA14="Nízké riziko",Parametry!$B$20,IF(AA14="Střední riziko",Parametry!$B$21,IF(AA14="Watchlist",Parametry!$B$22,Parametry!$B$23))),IFERROR(INDEX(Ciselniky!$H$3:$H$10,MATCH(AT14,Ciselniky!$F$3:$F$10,0)),0))) | AC14: =IF(AA14="","",IF(AA14="Stop",0,IF(AA14="Nízké riziko",Parametry!$B$24,IF(AA14="Střední riziko",Parametry!$B$25,IF(AA14="Watchlist",Parametry!$B$26,0)))+IFERROR(INDEX(Ciselniky!$I$3:$I$10,MATCH(AT14,Ciselniky!$F$3:$F$10,0)),0))) | AD14: =IF(AA14="","",IF(OR(AA14="Stop",AW14="STOP"),"Stop",IF(AW14="MANUAL","Pouze manuálně",IF(AA14="Nízké riziko","Financovat",IF(AA14="Střední riziko","Financovat s limitem",IF(AA14="Watchlist","Pouze manuálně","Stop")))))) | AE14: =E14 -> 0 | AF14: =SUMIF($A$6:$A$45,A14,$E$6:$E$45) -> 0 | AG14: =Parametry!$B$28 -> 5800000 | AH14: =IFERROR(AE14/AF14,"") | AI14: =IFERROR(AF14/Parametry!$B$28,"") -> 0 | AJ14: =IFERROR(AE14/Parametry!$B$28,"") -> 0 | AK14: =IF(OR(A14="",E14=""),"",MAX(0,100-IF(Parametry!$B$27="early",0.5,IF(Parametry!$B$27="growth",0.75,1))*(IF(AI14<=Parametry!$B$34,0,IF(AI14<=Parametry!$B$34+0.05,8,20))+IF(AH14<=Parametry!$B$35,0,12)+IF(AJ14<=Parametry!$B$36,0,12)))) | AL14: =IF(OR(A14="",E14=""),"",IF(Parametry!$B$27="early",IF(OR(AI14>Parametry!$B$34*1.2,AH14>Parametry!$B$35*1.3),"EARLY STAGE EXCEPTION","OK"),IF(Parametry!$B$27="growth",IF(OR(AI14>Parametry!$B$34*1.35,AH14>Parametry!$B$35*1.4),"RED FLAG","OK"),IF(OR(AI14>Parametry!$B$34*1.2,AH14>Parametry!$B$35*1.3),"RED FLAG","OK")))) | AM14: =IF(OR(A14="",E14=""),"",IF(COUNTIF($A$6:A14,A14)=1,AF14,"")) | AN14: =IF(A14="","",SUMPRODUCT(($A$6:$A$45=A14)*($E$6:$E$45)*((($C$6:$C$45="")+($C$6:$C$45="Otevřená"))>0))) | AO14: =IF(OR(B14="",A14=""),"",SUMPRODUCT(($B$6:$B$45=B14)*($E$6:$E$45)*((($C$6:$C$45="")+($C$6:$C$45="Otevřená"))>0))) | AP14: =IF(OR(A14="",E14=""),"",IF(C14="Uhrazená","",N14)) | AQ14: =IF(OR(A14="",E14=""),"",IF(OR(AW14="STOP",AA14="Stop"),5,IF(OR(G14="ANO",H14="ANO"),4,IF(AL14="RED FLAG",4,IF(OR(AW14="MANUAL",AA14="Watchlist"),3,IF(OR(AL14="EARLY STAGE EXCEPTION",AA14="Střední riziko"),2,IF(AA14="Nízké riziko",1,5))))))) | AR14: =IF(OR(A14="",E14=""),"",IF(OR(AQ14="",NOT(ISNUMBER(AQ14))),"",IF(AQ14=1,"Vhodné ke schválení",IF(AQ14=2,"Schválit s výhradou (koncentrace / early stage)",IF(AQ14=3,"Pouze manuálně - anchor rating / watchlist",IF(AQ14=4,"Zamítnout - spor, nesoulad nebo koncentrace",IF(AQ14=5,"STOP",""))))))) | AS14: =IF(A14="","",TEXT(Z14,"0") & " b | " & AA14 & " | " & AD14 & " | gate " & AW14 & " | rating " & AT14) | AT14: =IF(A14="","",IF(COUNTIF(Ciselniky!$L$3:$L$200,A14)=0,"NR",IF(INDEX(Ciselniky!$M$3:$M$200,MATCH(A14,Ciselniky!$L$3:$L$200,0))="","NR",INDEX(Ciselniky!$M$3:$M$200,MATCH(A14,Ciselniky!$L$3:$L$200,0))))) | AU14: =IF(A14="","",IF(AT14="NR","doplňit rating v Ciselniky",IFERROR(IF(INDEX(Ciselniky!$N$3:$N$200,MATCH(A14,Ciselniky!$L$3:$L$200,0))="","anchor master",INDEX(Ciselniky!$N$3:$N$200,MATCH(A14,Ciselniky!$L$3:$L$200,0))),"anchor master"))) | AV14: =IF(AT14="","",IFERROR(INDEX(Ciselniky!$G$3:$G$10,MATCH(AT14,Ciselniky!$F$3:$F$10,0)),0)) | AW14: =IF(AT14="","",IFERROR(INDEX(Ciselniky!$J$3:$J$10,MATCH(AT14,Ciselniky!$F$3:$F$10,0)),"MANUAL")) | AX14: =IF(OR(A14="",E14=""),"",MAX(0,MIN(100,SUM(R14:Y14)))) | AY14: =IF(OR(A14="",E14=""),"",AV14*Parametry!$B$41) | AZ14: =IF(OR(A14="",E14=""),"",AX14*Parametry!$B$42) | BA14: =IF(OR(A14="",E14=""),"",AK14*Parametry!$B$43) | BB14: =IF(OR(A14="",E14=""),"",IF(AW14="STOP",-100,IF(AT14="BB",Parametry!$B$47,IF(AT14="NR",Parametry!$B$48,0))))
I15: =IF(A15="","",IF(AND(Parametry!$B$39="ANO",B15<>""),COUNTIFS(Historie!$A$2:$A$2000,A15,Historie!$B$2:$B$2000,B15,Historie!$E$2:$E$2000,"<>"),COUNTIFS(Historie!$A$2:$A$2000,A15,Historie!$E$2:$E$2000,"<>"))) | J15: =IF(I15=0,"",IFERROR(IF(AND(Parametry!$B$39="ANO",B15<>""),AVERAGEIFS(Historie!$F$2:$F$2000,Historie!$A$2:$A$2000,A15,Historie!$B$2:$B$2000,B15,Historie!$E$2:$E$2000,"<>"),AVERAGEIFS(Historie!$F$2:$F$2000,Historie!$A$2:$A$2000,A15,Historie!$E$2:$E$2000,"<>")),"")) | K15: =IF(I15=0,"",IFERROR(IF(AND(Parametry!$B$39="ANO",B15<>""),COUNTIFS(Historie!$A$2:$A$2000,A15,Historie!$B$2:$B$2000,B15,Historie!$E$2:$E$2000,"<>",Historie!$F$2:$F$2000,">0")/I15,COUNTIFS(Historie!$A$2:$A$2000,A15,Historie!$E$2:$E$2000,"<>",Historie!$F$2:$F$2000,">0")/I15),0)) -> 0 | L15: =IF(OR(A15="",I15=0),"",IFERROR(DATEDIF(IF(AND(Parametry!$B$39="ANO",B15<>""),_xludf.minifs(Historie!$E$2:$E$2000,Historie!$A$2:$A$2000,A15,Historie!$B$2:$B$2000,B15,Historie!$E$2:$E$2000,"<>"),_xludf.minifs(Historie!$E$2:$E$2000,Historie!$A$2:$A$2000,A15,Historie!$E$2:$E$2000,"<>")),IF(AND(Parametry!$B$39="ANO",B15<>""),_xludf.maxifs(Historie!$E$2:$E$2000,Historie!$A$2:$A$2000,A15,Historie!$B$2:$B$2000,B15,Historie!$E$2:$E$2000,"<>"),_xludf.maxifs(Historie!$E$2:$E$2000,Historie!$A$2:$A$2000,A15,Historie!$E$2:$E$2000,"<>")),"M"),0)) | M15: =IF(A15="","",IFERROR(IF(AND(Parametry!$B$39="ANO",B15<>""),AVERAGEIFS(Historie!$C$2:$C$2000,Historie!$A$2:$A$2000,A15,Historie!$B$2:$B$2000,B15,Historie!$E$2:$E$2000,"<>"),AVERAGEIFS(Historie!$C$2:$C$2000,Historie!$A$2:$A$2000,A15,Historie!$E$2:$E$2000,"<>")),"")) | N15: =IF(F15="","",F15-TODAY()) | O15: =IF(OR(A15="",E15=""),"",IF(C15="Uhrazená","",N15)) | P15: =IF(OR(A15="",E15=""),"",IF(I15=0,"ANO","NE")) | Q15: =IF(OR(A15="",E15="",M15=0),"",IFERROR(E15/M15,"")) | R15: =IF(OR(A15="",E15=""),"",IF(I15>=Parametry!$B$4,Parametry!$B$9,0)) | S15: =IF(OR(A15="",E15=""),"",IF(I15>0,IF(J15<=Parametry!$B$5,Parametry!$B$10,0),0)) | T15: =IF(OR(A15="",E15=""),"",IF(I15>0,IF(K15<=Parametry!$B$6,Parametry!$B$11,0),0)) | U15: =IF(OR(A15="",E15=""),"",IF(L15>=Parametry!$B$7,Parametry!$B$12,0)) | V15: =IF(OR(A15="",E15=""),"",IF(M15>0,IF(Q15<=Parametry!$B$8,Parametry!$B$13,0),0)) | W15: =IF(OR(A15="",E15=""),"",IF(P15="ANO",Parametry!$B$14,0)) | X15: =IF(OR(A15="",E15=""),"",IF(G15="ANO",Parametry!$B$15,0)) | Y15: =IF(OR(A15="",E15=""),"",IF(H15="ANO",Parametry!$B$16,0)) | Z15: =IF(OR(A15="",E15=""),"",MAX(0,MIN(100,ROUND(AY15+AZ15+BA15+BB15,0)))) | AA15: =IF(Z15="","",IF(AW15="STOP","Stop",IF(AW15="MANUAL",IF(Z15>=Parametry!$B$19,"Watchlist","Stop"),IF(Z15>=Parametry!$B$17,"Nízké riziko",IF(Z15>=Parametry!$B$18,"Střední riziko",IF(Z15>=Parametry!$B$19,"Watchlist","Stop")))))) | AB15: =IF(AA15="","",MIN(IF(AA15="Nízké riziko",Parametry!$B$20,IF(AA15="Střední riziko",Parametry!$B$21,IF(AA15="Watchlist",Parametry!$B$22,Parametry!$B$23))),IFERROR(INDEX(Ciselniky!$H$3:$H$10,MATCH(AT15,Ciselniky!$F$3:$F$10,0)),0))) | AC15: =IF(AA15="","",IF(AA15="Stop",0,IF(AA15="Nízké riziko",Parametry!$B$24,IF(AA15="Střední riziko",Parametry!$B$25,IF(AA15="Watchlist",Parametry!$B$26,0)))+IFERROR(INDEX(Ciselniky!$I$3:$I$10,MATCH(AT15,Ciselniky!$F$3:$F$10,0)),0))) | AD15: =IF(AA15="","",IF(OR(AA15="Stop",AW15="STOP"),"Stop",IF(AW15="MANUAL","Pouze manuálně",IF(AA15="Nízké riziko","Financovat",IF(AA15="Střední riziko","Financovat s limitem",IF(AA15="Watchlist","Pouze manuálně","Stop")))))) | AE15: =E15 -> 0 | AF15: =SUMIF($A$6:$A$45,A15,$E$6:$E$45) -> 0 | AG15: =Parametry!$B$28 -> 5800000 | AH15: =IFERROR(AE15/AF15,"") | AI15: =IFERROR(AF15/Parametry!$B$28,"") -> 0 | AJ15: =IFERROR(AE15/Parametry!$B$28,"") -> 0 | AK15: =IF(OR(A15="",E15=""),"",MAX(0,100-IF(Parametry!$B$27="early",0.5,IF(Parametry!$B$27="growth",0.75,1))*(IF(AI15<=Parametry!$B$34,0,IF(AI15<=Parametry!$B$34+0.05,8,20))+IF(AH15<=Parametry!$B$35,0,12)+IF(AJ15<=Parametry!$B$36,0,12)))) | AL15: =IF(OR(A15="",E15=""),"",IF(Parametry!$B$27="early",IF(OR(AI15>Parametry!$B$34*1.2,AH15>Parametry!$B$35*1.3),"EARLY STAGE EXCEPTION","OK"),IF(Parametry!$B$27="growth",IF(OR(AI15>Parametry!$B$34*1.35,AH15>Parametry!$B$35*1.4),"RED FLAG","OK"),IF(OR(AI15>Parametry!$B$34*1.2,AH15>Parametry!$B$35*1.3),"RED FLAG","OK")))) | AM15: =IF(OR(A15="",E15=""),"",IF(COUNTIF($A$6:A15,A15)=1,AF15,"")) | AN15: =IF(A15="","",SUMPRODUCT(($A$6:$A$45=A15)*($E$6:$E$45)*((($C$6:$C$45="")+($C$6:$C$45="Otevřená"))>0))) | AO15: =IF(OR(B15="",A15=""),"",SUMPRODUCT(($B$6:$B$45=B15)*($E$6:$E$45)*((($C$6:$C$45="")+($C$6:$C$45="Otevřená"))>0))) | AP15: =IF(OR(A15="",E15=""),"",IF(C15="Uhrazená","",N15)) | AQ15: =IF(OR(A15="",E15=""),"",IF(OR(AW15="STOP",AA15="Stop"),5,IF(OR(G15="ANO",H15="ANO"),4,IF(AL15="RED FLAG",4,IF(OR(AW15="MANUAL",AA15="Watchlist"),3,IF(OR(AL15="EARLY STAGE EXCEPTION",AA15="Střední riziko"),2,IF(AA15="Nízké riziko",1,5))))))) | AR15: =IF(OR(A15="",E15=""),"",IF(OR(AQ15="",NOT(ISNUMBER(AQ15))),"",IF(AQ15=1,"Vhodné ke schválení",IF(AQ15=2,"Schválit s výhradou (koncentrace / early stage)",IF(AQ15=3,"Pouze manuálně - anchor rating / watchlist",IF(AQ15=4,"Zamítnout - spor, nesoulad nebo koncentrace",IF(AQ15=5,"STOP",""))))))) | AS15: =IF(A15="","",TEXT(Z15,"0") & " b | " & AA15 & " | " & AD15 & " | gate " & AW15 & " | rating " & AT15) | AT15: =IF(A15="","",IF(COUNTIF(Ciselniky!$L$3:$L$200,A15)=0,"NR",IF(INDEX(Ciselniky!$M$3:$M$200,MATCH(A15,Ciselniky!$L$3:$L$200,0))="","NR",INDEX(Ciselniky!$M$3:$M$200,MATCH(A15,Ciselniky!$L$3:$L$200,0))))) | AU15: =IF(A15="","",IF(AT15="NR","doplňit rating v Ciselniky",IFERROR(IF(INDEX(Ciselniky!$N$3:$N$200,MATCH(A15,Ciselniky!$L$3:$L$200,0))="","anchor master",INDEX(Ciselniky!$N$3:$N$200,MATCH(A15,Ciselniky!$L$3:$L$200,0))),"anchor master"))) | AV15: =IF(AT15="","",IFERROR(INDEX(Ciselniky!$G$3:$G$10,MATCH(AT15,Ciselniky!$F$3:$F$10,0)),0)) | AW15: =IF(AT15="","",IFERROR(INDEX(Ciselniky!$J$3:$J$10,MATCH(AT15,Ciselniky!$F$3:$F$10,0)),"MANUAL")) | AX15: =IF(OR(A15="",E15=""),"",MAX(0,MIN(100,SUM(R15:Y15)))) | AY15: =IF(OR(A15="",E15=""),"",AV15*Parametry!$B$41) | AZ15: =IF(OR(A15="",E15=""),"",AX15*Parametry!$B$42) | BA15: =IF(OR(A15="",E15=""),"",AK15*Parametry!$B$43) | BB15: =IF(OR(A15="",E15=""),"",IF(AW15="STOP",-100,IF(AT15="BB",Parametry!$B$47,IF(AT15="NR",Parametry!$B$48,0))))
I16: =IF(A16="","",IF(AND(Parametry!$B$39="ANO",B16<>""),COUNTIFS(Historie!$A$2:$A$2000,A16,Historie!$B$2:$B$2000,B16,Historie!$E$2:$E$2000,"<>"),COUNTIFS(Historie!$A$2:$A$2000,A16,Historie!$E$2:$E$2000,"<>"))) | J16: =IF(I16=0,"",IFERROR(IF(AND(Parametry!$B$39="ANO",B16<>""),AVERAGEIFS(Historie!$F$2:$F$2000,Historie!$A$2:$A$2000,A16,Historie!$B$2:$B$2000,B16,Historie!$E$2:$E$2000,"<>"),AVERAGEIFS(Historie!$F$2:$F$2000,Historie!$A$2:$A$2000,A16,Historie!$E$2:$E$2000,"<>")),"")) | K16: =IF(I16=0,"",IFERROR(IF(AND(Parametry!$B$39="ANO",B16<>""),COUNTIFS(Historie!$A$2:$A$2000,A16,Historie!$B$2:$B$2000,B16,Historie!$E$2:$E$2000,"<>",Historie!$F$2:$F$2000,">0")/I16,COUNTIFS(Historie!$A$2:$A$2000,A16,Historie!$E$2:$E$2000,"<>",Historie!$F$2:$F$2000,">0")/I16),0)) -> 0 | L16: =IF(OR(A16="",I16=0),"",IFERROR(DATEDIF(IF(AND(Parametry!$B$39="ANO",B16<>""),_xludf.minifs(Historie!$E$2:$E$2000,Historie!$A$2:$A$2000,A16,Historie!$B$2:$B$2000,B16,Historie!$E$2:$E$2000,"<>"),_xludf.minifs(Historie!$E$2:$E$2000,Historie!$A$2:$A$2000,A16,Historie!$E$2:$E$2000,"<>")),IF(AND(Parametry!$B$39="ANO",B16<>""),_xludf.maxifs(Historie!$E$2:$E$2000,Historie!$A$2:$A$2000,A16,Historie!$B$2:$B$2000,B16,Historie!$E$2:$E$2000,"<>"),_xludf.maxifs(Historie!$E$2:$E$2000,Historie!$A$2:$A$2000,A16,Historie!$E$2:$E$2000,"<>")),"M"),0)) | M16: =IF(A16="","",IFERROR(IF(AND(Parametry!$B$39="ANO",B16<>""),AVERAGEIFS(Historie!$C$2:$C$2000,Historie!$A$2:$A$2000,A16,Historie!$B$2:$B$2000,B16,Historie!$E$2:$E$2000,"<>"),AVERAGEIFS(Historie!$C$2:$C$2000,Historie!$A$2:$A$2000,A16,Historie!$E$2:$E$2000,"<>")),"")) | N16: =IF(F16="","",F16-TODAY()) | O16: =IF(OR(A16="",E16=""),"",IF(C16="Uhrazená","",N16)) | P16: =IF(OR(A16="",E16=""),"",IF(I16=0,"ANO","NE")) | Q16: =IF(OR(A16="",E16="",M16=0),"",IFERROR(E16/M16,"")) | R16: =IF(OR(A16="",E16=""),"",IF(I16>=Parametry!$B$4,Parametry!$B$9,0)) | S16: =IF(OR(A16="",E16=""),"",IF(I16>0,IF(J16<=Parametry!$B$5,Parametry!$B$10,0),0)) | T16: =IF(OR(A16="",E16=""),"",IF(I16>0,IF(K16<=Parametry!$B$6,Parametry!$B$11,0),0)) | U16: =IF(OR(A16="",E16=""),"",IF(L16>=Parametry!$B$7,Parametry!$B$12,0)) | V16: =IF(OR(A16="",E16=""),"",IF(M16>0,IF(Q16<=Parametry!$B$8,Parametry!$B$13,0),0)) | W16: =IF(OR(A16="",E16=""),"",IF(P16="ANO",Parametry!$B$14,0)) | X16: =IF(OR(A16="",E16=""),"",IF(G16="ANO",Parametry!$B$15,0)) | Y16: =IF(OR(A16="",E16=""),"",IF(H16="ANO",Parametry!$B$16,0)) | Z16: =IF(OR(A16="",E16=""),"",MAX(0,MIN(100,ROUND(AY16+AZ16+BA16+BB16,0)))) | AA16: =IF(Z16="","",IF(AW16="STOP","Stop",IF(AW16="MANUAL",IF(Z16>=Parametry!$B$19,"Watchlist","Stop"),IF(Z16>=Parametry!$B$17,"Nízké riziko",IF(Z16>=Parametry!$B$18,"Střední riziko",IF(Z16>=Parametry!$B$19,"Watchlist","Stop")))))) | AB16: =IF(AA16="","",MIN(IF(AA16="Nízké riziko",Parametry!$B$20,IF(AA16="Střední riziko",Parametry!$B$21,IF(AA16="Watchlist",Parametry!$B$22,Parametry!$B$23))),IFERROR(INDEX(Ciselniky!$H$3:$H$10,MATCH(AT16,Ciselniky!$F$3:$F$10,0)),0))) | AC16: =IF(AA16="","",IF(AA16="Stop",0,IF(AA16="Nízké riziko",Parametry!$B$24,IF(AA16="Střední riziko",Parametry!$B$25,IF(AA16="Watchlist",Parametry!$B$26,0)))+IFERROR(INDEX(Ciselniky!$I$3:$I$10,MATCH(AT16,Ciselniky!$F$3:$F$10,0)),0))) | AD16: =IF(AA16="","",IF(OR(AA16="Stop",AW16="STOP"),"Stop",IF(AW16="MANUAL","Pouze manuálně",IF(AA16="Nízké riziko","Financovat",IF(AA16="Střední riziko","Financovat s limitem",IF(AA16="Watchlist","Pouze manuálně","Stop")))))) | AE16: =E16 -> 0 | AF16: =SUMIF($A$6:$A$45,A16,$E$6:$E$45) -> 0 | AG16: =Parametry!$B$28 -> 5800000 | AH16: =IFERROR(AE16/AF16,"") | AI16: =IFERROR(AF16/Parametry!$B$28,"") -> 0 | AJ16: =IFERROR(AE16/Parametry!$B$28,"") -> 0 | AK16: =IF(OR(A16="",E16=""),"",MAX(0,100-IF(Parametry!$B$27="early",0.5,IF(Parametry!$B$27="growth",0.75,1))*(IF(AI16<=Parametry!$B$34,0,IF(AI16<=Parametry!$B$34+0.05,8,20))+IF(AH16<=Parametry!$B$35,0,12)+IF(AJ16<=Parametry!$B$36,0,12)))) | AL16: =IF(OR(A16="",E16=""),"",IF(Parametry!$B$27="early",IF(OR(AI16>Parametry!$B$34*1.2,AH16>Parametry!$B$35*1.3),"EARLY STAGE EXCEPTION","OK"),IF(Parametry!$B$27="growth",IF(OR(AI16>Parametry!$B$34*1.35,AH16>Parametry!$B$35*1.4),"RED FLAG","OK"),IF(OR(AI16>Parametry!$B$34*1.2,AH16>Parametry!$B$35*1.3),"RED FLAG","OK")))) | AM16: =IF(OR(A16="",E16=""),"",IF(COUNTIF($A$6:A16,A16)=1,AF16,"")) | AN16: =IF(A16="","",SUMPRODUCT(($A$6:$A$45=A16)*($E$6:$E$45)*((($C$6:$C$45="")+($C$6:$C$45="Otevřená"))>0))) | AO16: =IF(OR(B16="",A16=""),"",SUMPRODUCT(($B$6:$B$45=B16)*($E$6:$E$45)*((($C$6:$C$45="")+($C$6:$C$45="Otevřená"))>0))) | AP16: =IF(OR(A16="",E16=""),"",IF(C16="Uhrazená","",N16)) | AQ16: =IF(OR(A16="",E16=""),"",IF(OR(AW16="STOP",AA16="Stop"),5,IF(OR(G16="ANO",H16="ANO"),4,IF(AL16="RED FLAG",4,IF(OR(AW16="MANUAL",AA16="Watchlist"),3,IF(OR(AL16="EARLY STAGE EXCEPTION",AA16="Střední riziko"),2,IF(AA16="Nízké riziko",1,5))))))) | AR16: =IF(OR(A16="",E16=""),"",IF(OR(AQ16="",NOT(ISNUMBER(AQ16))),"",IF(AQ16=1,"Vhodné ke schválení",IF(AQ16=2,"Schválit s výhradou (koncentrace / early stage)",IF(AQ16=3,"Pouze manuálně - anchor rating / watchlist",IF(AQ16=4,"Zamítnout - spor, nesoulad nebo koncentrace",IF(AQ16=5,"STOP",""))))))) | AS16: =IF(A16="","",TEXT(Z16,"0") & " b | " & AA16 & " | " & AD16 & " | gate " & AW16 & " | rating " & AT16) | AT16: =IF(A16="","",IF(COUNTIF(Ciselniky!$L$3:$L$200,A16)=0,"NR",IF(INDEX(Ciselniky!$M$3:$M$200,MATCH(A16,Ciselniky!$L$3:$L$200,0))="","NR",INDEX(Ciselniky!$M$3:$M$200,MATCH(A16,Ciselniky!$L$3:$L$200,0))))) | AU16: =IF(A16="","",IF(AT16="NR","doplňit rating v Ciselniky",IFERROR(IF(INDEX(Ciselniky!$N$3:$N$200,MATCH(A16,Ciselniky!$L$3:$L$200,0))="","anchor master",INDEX(Ciselniky!$N$3:$N$200,MATCH(A16,Ciselniky!$L$3:$L$200,0))),"anchor master"))) | AV16: =IF(AT16="","",IFERROR(INDEX(Ciselniky!$G$3:$G$10,MATCH(AT16,Ciselniky!$F$3:$F$10,0)),0)) | AW16: =IF(AT16="","",IFERROR(INDEX(Ciselniky!$J$3:$J$10,MATCH(AT16,Ciselniky!$F$3:$F$10,0)),"MANUAL")) | AX16: =IF(OR(A16="",E16=""),"",MAX(0,MIN(100,SUM(R16:Y16)))) | AY16: =IF(OR(A16="",E16=""),"",AV16*Parametry!$B$41) | AZ16: =IF(OR(A16="",E16=""),"",AX16*Parametry!$B$42) | BA16: =IF(OR(A16="",E16=""),"",AK16*Parametry!$B$43) | BB16: =IF(OR(A16="",E16=""),"",IF(AW16="STOP",-100,IF(AT16="BB",Parametry!$B$47,IF(AT16="NR",Parametry!$B$48,0))))
I17: =IF(A17="","",IF(AND(Parametry!$B$39="ANO",B17<>""),COUNTIFS(Historie!$A$2:$A$2000,A17,Historie!$B$2:$B$2000,B17,Historie!$E$2:$E$2000,"<>"),COUNTIFS(Historie!$A$2:$A$2000,A17,Historie!$E$2:$E$2000,"<>"))) | J17: =IF(I17=0,"",IFERROR(IF(AND(Parametry!$B$39="ANO",B17<>""),AVERAGEIFS(Historie!$F$2:$F$2000,Historie!$A$2:$A$2000,A17,Historie!$B$2:$B$2000,B17,Historie!$E$2:$E$2000,"<>"),AVERAGEIFS(Historie!$F$2:$F$2000,Historie!$A$2:$A$2000,A17,Historie!$E$2:$E$2000,"<>")),"")) | K17: =IF(I17=0,"",IFERROR(IF(AND(Parametry!$B$39="ANO",B17<>""),COUNTIFS(Historie!$A$2:$A$2000,A17,Historie!$B$2:$B$2000,B17,Historie!$E$2:$E$2000,"<>",Historie!$F$2:$F$2000,">0")/I17,COUNTIFS(Historie!$A$2:$A$2000,A17,Historie!$E$2:$E$2000,"<>",Historie!$F$2:$F$2000,">0")/I17),0)) -> 0 | L17: =IF(OR(A17="",I17=0),"",IFERROR(DATEDIF(IF(AND(Parametry!$B$39="ANO",B17<>""),_xludf.minifs(Historie!$E$2:$E$2000,Historie!$A$2:$A$2000,A17,Historie!$B$2:$B$2000,B17,Historie!$E$2:$E$2000,"<>"),_xludf.minifs(Historie!$E$2:$E$2000,Historie!$A$2:$A$2000,A17,Historie!$E$2:$E$2000,"<>")),IF(AND(Parametry!$B$39="ANO",B17<>""),_xludf.maxifs(Historie!$E$2:$E$2000,Historie!$A$2:$A$2000,A17,Historie!$B$2:$B$2000,B17,Historie!$E$2:$E$2000,"<>"),_xludf.maxifs(Historie!$E$2:$E$2000,Historie!$A$2:$A$2000,A17,Historie!$E$2:$E$2000,"<>")),"M"),0)) | M17: =IF(A17="","",IFERROR(IF(AND(Parametry!$B$39="ANO",B17<>""),AVERAGEIFS(Historie!$C$2:$C$2000,Historie!$A$2:$A$2000,A17,Historie!$B$2:$B$2000,B17,Historie!$E$2:$E$2000,"<>"),AVERAGEIFS(Historie!$C$2:$C$2000,Historie!$A$2:$A$2000,A17,Historie!$E$2:$E$2000,"<>")),"")) | N17: =IF(F17="","",F17-TODAY()) | O17: =IF(OR(A17="",E17=""),"",IF(C17="Uhrazená","",N17)) | P17: =IF(OR(A17="",E17=""),"",IF(I17=0,"ANO","NE")) | Q17: =IF(OR(A17="",E17="",M17=0),"",IFERROR(E17/M17,"")) | R17: =IF(OR(A17="",E17=""),"",IF(I17>=Parametry!$B$4,Parametry!$B$9,0)) | S17: =IF(OR(A17="",E17=""),"",IF(I17>0,IF(J17<=Parametry!$B$5,Parametry!$B$10,0),0)) | T17: =IF(OR(A17="",E17=""),"",IF(I17>0,IF(K17<=Parametry!$B$6,Parametry!$B$11,0),0)) | U17: =IF(OR(A17="",E17=""),"",IF(L17>=Parametry!$B$7,Parametry!$B$12,0)) | V17: =IF(OR(A17="",E17=""),"",IF(M17>0,IF(Q17<=Parametry!$B$8,Parametry!$B$13,0),0)) | W17: =IF(OR(A17="",E17=""),"",IF(P17="ANO",Parametry!$B$14,0)) | X17: =IF(OR(A17="",E17=""),"",IF(G17="ANO",Parametry!$B$15,0)) | Y17: =IF(OR(A17="",E17=""),"",IF(H17="ANO",Parametry!$B$16,0)) | Z17: =IF(OR(A17="",E17=""),"",MAX(0,MIN(100,ROUND(AY17+AZ17+BA17+BB17,0)))) | AA17: =IF(Z17="","",IF(AW17="STOP","Stop",IF(AW17="MANUAL",IF(Z17>=Parametry!$B$19,"Watchlist","Stop"),IF(Z17>=Parametry!$B$17,"Nízké riziko",IF(Z17>=Parametry!$B$18,"Střední riziko",IF(Z17>=Parametry!$B$19,"Watchlist","Stop")))))) | AB17: =IF(AA17="","",MIN(IF(AA17="Nízké riziko",Parametry!$B$20,IF(AA17="Střední riziko",Parametry!$B$21,IF(AA17="Watchlist",Parametry!$B$22,Parametry!$B$23))),IFERROR(INDEX(Ciselniky!$H$3:$H$10,MATCH(AT17,Ciselniky!$F$3:$F$10,0)),0))) | AC17: =IF(AA17="","",IF(AA17="Stop",0,IF(AA17="Nízké riziko",Parametry!$B$24,IF(AA17="Střední riziko",Parametry!$B$25,IF(AA17="Watchlist",Parametry!$B$26,0)))+IFERROR(INDEX(Ciselniky!$I$3:$I$10,MATCH(AT17,Ciselniky!$F$3:$F$10,0)),0))) | AD17: =IF(AA17="","",IF(OR(AA17="Stop",AW17="STOP"),"Stop",IF(AW17="MANUAL","Pouze manuálně",IF(AA17="Nízké riziko","Financovat",IF(AA17="Střední riziko","Financovat s limitem",IF(AA17="Watchlist","Pouze manuálně","Stop")))))) | AE17: =E17 -> 0 | AF17: =SUMIF($A$6:$A$45,A17,$E$6:$E$45) -> 0 | AG17: =Parametry!$B$28 -> 5800000 | AH17: =IFERROR(AE17/AF17,"") | AI17: =IFERROR(AF17/Parametry!$B$28,"") -> 0 | AJ17: =IFERROR(AE17/Parametry!$B$28,"") -> 0 | AK17: =IF(OR(A17="",E17=""),"",MAX(0,100-IF(Parametry!$B$27="early",0.5,IF(Parametry!$B$27="growth",0.75,1))*(IF(AI17<=Parametry!$B$34,0,IF(AI17<=Parametry!$B$34+0.05,8,20))+IF(AH17<=Parametry!$B$35,0,12)+IF(AJ17<=Parametry!$B$36,0,12)))) | AL17: =IF(OR(A17="",E17=""),"",IF(Parametry!$B$27="early",IF(OR(AI17>Parametry!$B$34*1.2,AH17>Parametry!$B$35*1.3),"EARLY STAGE EXCEPTION","OK"),IF(Parametry!$B$27="growth",IF(OR(AI17>Parametry!$B$34*1.35,AH17>Parametry!$B$35*1.4),"RED FLAG","OK"),IF(OR(AI17>Parametry!$B$34*1.2,AH17>Parametry!$B$35*1.3),"RED FLAG","OK")))) | AM17: =IF(OR(A17="",E17=""),"",IF(COUNTIF($A$6:A17,A17)=1,AF17,"")) | AN17: =IF(A17="","",SUMPRODUCT(($A$6:$A$45=A17)*($E$6:$E$45)*((($C$6:$C$45="")+($C$6:$C$45="Otevřená"))>0))) | AO17: =IF(OR(B17="",A17=""),"",SUMPRODUCT(($B$6:$B$45=B17)*($E$6:$E$45)*((($C$6:$C$45="")+($C$6:$C$45="Otevřená"))>0))) | AP17: =IF(OR(A17="",E17=""),"",IF(C17="Uhrazená","",N17)) | AQ17: =IF(OR(A17="",E17=""),"",IF(OR(AW17="STOP",AA17="Stop"),5,IF(OR(G17="ANO",H17="ANO"),4,IF(AL17="RED FLAG",4,IF(OR(AW17="MANUAL",AA17="Watchlist"),3,IF(OR(AL17="EARLY STAGE EXCEPTION",AA17="Střední riziko"),2,IF(AA17="Nízké riziko",1,5))))))) | AR17: =IF(OR(A17="",E17=""),"",IF(OR(AQ17="",NOT(ISNUMBER(AQ17))),"",IF(AQ17=1,"Vhodné ke schválení",IF(AQ17=2,"Schválit s výhradou (koncentrace / early stage)",IF(AQ17=3,"Pouze manuálně - anchor rating / watchlist",IF(AQ17=4,"Zamítnout - spor, nesoulad nebo koncentrace",IF(AQ17=5,"STOP",""))))))) | AS17: =IF(A17="","",TEXT(Z17,"0") & " b | " & AA17 & " | " & AD17 & " | gate " & AW17 & " | rating " & AT17) | AT17: =IF(A17="","",IF(COUNTIF(Ciselniky!$L$3:$L$200,A17)=0,"NR",IF(INDEX(Ciselniky!$M$3:$M$200,MATCH(A17,Ciselniky!$L$3:$L$200,0))="","NR",INDEX(Ciselniky!$M$3:$M$200,MATCH(A17,Ciselniky!$L$3:$L$200,0))))) | AU17: =IF(A17="","",IF(AT17="NR","doplňit rating v Ciselniky",IFERROR(IF(INDEX(Ciselniky!$N$3:$N$200,MATCH(A17,Ciselniky!$L$3:$L$200,0))="","anchor master",INDEX(Ciselniky!$N$3:$N$200,MATCH(A17,Ciselniky!$L$3:$L$200,0))),"anchor master"))) | AV17: =IF(AT17="","",IFERROR(INDEX(Ciselniky!$G$3:$G$10,MATCH(AT17,Ciselniky!$F$3:$F$10,0)),0)) | AW17: =IF(AT17="","",IFERROR(INDEX(Ciselniky!$J$3:$J$10,MATCH(AT17,Ciselniky!$F$3:$F$10,0)),"MANUAL")) | AX17: =IF(OR(A17="",E17=""),"",MAX(0,MIN(100,SUM(R17:Y17)))) | AY17: =IF(OR(A17="",E17=""),"",AV17*Parametry!$B$41) | AZ17: =IF(OR(A17="",E17=""),"",AX17*Parametry!$B$42) | BA17: =IF(OR(A17="",E17=""),"",AK17*Parametry!$B$43) | BB17: =IF(OR(A17="",E17=""),"",IF(AW17="STOP",-100,IF(AT17="BB",Parametry!$B$47,IF(AT17="NR",Parametry!$B$48,0))))
I18: =IF(A18="","",IF(AND(Parametry!$B$39="ANO",B18<>""),COUNTIFS(Historie!$A$2:$A$2000,A18,Historie!$B$2:$B$2000,B18,Historie!$E$2:$E$2000,"<>"),COUNTIFS(Historie!$A$2:$A$2000,A18,Historie!$E$2:$E$2000,"<>"))) | J18: =IF(I18=0,"",IFERROR(IF(AND(Parametry!$B$39="ANO",B18<>""),AVERAGEIFS(Historie!$F$2:$F$2000,Historie!$A$2:$A$2000,A18,Historie!$B$2:$B$2000,B18,Historie!$E$2:$E$2000,"<>"),AVERAGEIFS(Historie!$F$2:$F$2000,Historie!$A$2:$A$2000,A18,Historie!$E$2:$E$2000,"<>")),"")) | K18: =IF(I18=0,"",IFERROR(IF(AND(Parametry!$B$39="ANO",B18<>""),COUNTIFS(Historie!$A$2:$A$2000,A18,Historie!$B$2:$B$2000,B18,Historie!$E$2:$E$2000,"<>",Historie!$F$2:$F$2000,">0")/I18,COUNTIFS(Historie!$A$2:$A$2000,A18,Historie!$E$2:$E$2000,"<>",Historie!$F$2:$F$2000,">0")/I18),0)) -> 0 | L18: =IF(OR(A18="",I18=0),"",IFERROR(DATEDIF(IF(AND(Parametry!$B$39="ANO",B18<>""),_xludf.minifs(Historie!$E$2:$E$2000,Historie!$A$2:$A$2000,A18,Historie!$B$2:$B$2000,B18,Historie!$E$2:$E$2000,"<>"),_xludf.minifs(Historie!$E$2:$E$2000,Historie!$A$2:$A$2000,A18,Historie!$E$2:$E$2000,"<>")),IF(AND(Parametry!$B$39="ANO",B18<>""),_xludf.maxifs(Historie!$E$2:$E$2000,Historie!$A$2:$A$2000,A18,Historie!$B$2:$B$2000,B18,Historie!$E$2:$E$2000,"<>"),_xludf.maxifs(Historie!$E$2:$E$2000,Historie!$A$2:$A$2000,A18,Historie!$E$2:$E$2000,"<>")),"M"),0)) | M18: =IF(A18="","",IFERROR(IF(AND(Parametry!$B$39="ANO",B18<>""),AVERAGEIFS(Historie!$C$2:$C$2000,Historie!$A$2:$A$2000,A18,Historie!$B$2:$B$2000,B18,Historie!$E$2:$E$2000,"<>"),AVERAGEIFS(Historie!$C$2:$C$2000,Historie!$A$2:$A$2000,A18,Historie!$E$2:$E$2000,"<>")),"")) | N18: =IF(F18="","",F18-TODAY()) | O18: =IF(OR(A18="",E18=""),"",IF(C18="Uhrazená","",N18)) | P18: =IF(OR(A18="",E18=""),"",IF(I18=0,"ANO","NE")) | Q18: =IF(OR(A18="",E18="",M18=0),"",IFERROR(E18/M18,"")) | R18: =IF(OR(A18="",E18=""),"",IF(I18>=Parametry!$B$4,Parametry!$B$9,0)) | S18: =IF(OR(A18="",E18=""),"",IF(I18>0,IF(J18<=Parametry!$B$5,Parametry!$B$10,0),0)) | T18: =IF(OR(A18="",E18=""),"",IF(I18>0,IF(K18<=Parametry!$B$6,Parametry!$B$11,0),0)) | U18: =IF(OR(A18="",E18=""),"",IF(L18>=Parametry!$B$7,Parametry!$B$12,0)) | V18: =IF(OR(A18="",E18=""),"",IF(M18>0,IF(Q18<=Parametry!$B$8,Parametry!$B$13,0),0)) | W18: =IF(OR(A18="",E18=""),"",IF(P18="ANO",Parametry!$B$14,0)) | X18: =IF(OR(A18="",E18=""),"",IF(G18="ANO",Parametry!$B$15,0)) | Y18: =IF(OR(A18="",E18=""),"",IF(H18="ANO",Parametry!$B$16,0)) | Z18: =IF(OR(A18="",E18=""),"",MAX(0,MIN(100,ROUND(AY18+AZ18+BA18+BB18,0)))) | AA18: =IF(Z18="","",IF(AW18="STOP","Stop",IF(AW18="MANUAL",IF(Z18>=Parametry!$B$19,"Watchlist","Stop"),IF(Z18>=Parametry!$B$17,"Nízké riziko",IF(Z18>=Parametry!$B$18,"Střední riziko",IF(Z18>=Parametry!$B$19,"Watchlist","Stop")))))) | AB18: =IF(AA18="","",MIN(IF(AA18="Nízké riziko",Parametry!$B$20,IF(AA18="Střední riziko",Parametry!$B$21,IF(AA18="Watchlist",Parametry!$B$22,Parametry!$B$23))),IFERROR(INDEX(Ciselniky!$H$3:$H$10,MATCH(AT18,Ciselniky!$F$3:$F$10,0)),0))) | AC18: =IF(AA18="","",IF(AA18="Stop",0,IF(AA18="Nízké riziko",Parametry!$B$24,IF(AA18="Střední riziko",Parametry!$B$25,IF(AA18="Watchlist",Parametry!$B$26,0)))+IFERROR(INDEX(Ciselniky!$I$3:$I$10,MATCH(AT18,Ciselniky!$F$3:$F$10,0)),0))) | AD18: =IF(AA18="","",IF(OR(AA18="Stop",AW18="STOP"),"Stop",IF(AW18="MANUAL","Pouze manuálně",IF(AA18="Nízké riziko","Financovat",IF(AA18="Střední riziko","Financovat s limitem",IF(AA18="Watchlist","Pouze manuálně","Stop")))))) | AE18: =E18 -> 0 | AF18: =SUMIF($A$6:$A$45,A18,$E$6:$E$45) -> 0 | AG18: =Parametry!$B$28 -> 5800000 | AH18: =IFERROR(AE18/AF18,"") | AI18: =IFERROR(AF18/Parametry!$B$28,"") -> 0 | AJ18: =IFERROR(AE18/Parametry!$B$28,"") -> 0 | AK18: =IF(OR(A18="",E18=""),"",MAX(0,100-IF(Parametry!$B$27="early",0.5,IF(Parametry!$B$27="growth",0.75,1))*(IF(AI18<=Parametry!$B$34,0,IF(AI18<=Parametry!$B$34+0.05,8,20))+IF(AH18<=Parametry!$B$35,0,12)+IF(AJ18<=Parametry!$B$36,0,12)))) | AL18: =IF(OR(A18="",E18=""),"",IF(Parametry!$B$27="early",IF(OR(AI18>Parametry!$B$34*1.2,AH18>Parametry!$B$35*1.3),"EARLY STAGE EXCEPTION","OK"),IF(Parametry!$B$27="growth",IF(OR(AI18>Parametry!$B$34*1.35,AH18>Parametry!$B$35*1.4),"RED FLAG","OK"),IF(OR(AI18>Parametry!$B$34*1.2,AH18>Parametry!$B$35*1.3),"RED FLAG","OK")))) | AM18: =IF(OR(A18="",E18=""),"",IF(COUNTIF($A$6:A18,A18)=1,AF18,"")) | AN18: =IF(A18="","",SUMPRODUCT(($A$6:$A$45=A18)*($E$6:$E$45)*((($C$6:$C$45="")+($C$6:$C$45="Otevřená"))>0))) | AO18: =IF(OR(B18="",A18=""),"",SUMPRODUCT(($B$6:$B$45=B18)*($E$6:$E$45)*((($C$6:$C$45="")+($C$6:$C$45="Otevřená"))>0))) | AP18: =IF(OR(A18="",E18=""),"",IF(C18="Uhrazená","",N18)) | AQ18: =IF(OR(A18="",E18=""),"",IF(OR(AW18="STOP",AA18="Stop"),5,IF(OR(G18="ANO",H18="ANO"),4,IF(AL18="RED FLAG",4,IF(OR(AW18="MANUAL",AA18="Watchlist"),3,IF(OR(AL18="EARLY STAGE EXCEPTION",AA18="Střední riziko"),2,IF(AA18="Nízké riziko",1,5))))))) | AR18: =IF(OR(A18="",E18=""),"",IF(OR(AQ18="",NOT(ISNUMBER(AQ18))),"",IF(AQ18=1,"Vhodné ke schválení",IF(AQ18=2,"Schválit s výhradou (koncentrace / early stage)",IF(AQ18=3,"Pouze manuálně - anchor rating / watchlist",IF(AQ18=4,"Zamítnout - spor, nesoulad nebo koncentrace",IF(AQ18=5,"STOP",""))))))) | AS18: =IF(A18="","",TEXT(Z18,"0") & " b | " & AA18 & " | " & AD18 & " | gate " & AW18 & " | rating " & AT18) | AT18: =IF(A18="","",IF(COUNTIF(Ciselniky!$L$3:$L$200,A18)=0,"NR",IF(INDEX(Ciselniky!$M$3:$M$200,MATCH(A18,Ciselniky!$L$3:$L$200,0))="","NR",INDEX(Ciselniky!$M$3:$M$200,MATCH(A18,Ciselniky!$L$3:$L$200,0))))) | AU18: =IF(A18="","",IF(AT18="NR","doplňit rating v Ciselniky",IFERROR(IF(INDEX(Ciselniky!$N$3:$N$200,MATCH(A18,Ciselniky!$L$3:$L$200,0))="","anchor master",INDEX(Ciselniky!$N$3:$N$200,MATCH(A18,Ciselniky!$L$3:$L$200,0))),"anchor master"))) | AV18: =IF(AT18="","",IFERROR(INDEX(Ciselniky!$G$3:$G$10,MATCH(AT18,Ciselniky!$F$3:$F$10,0)),0)) | AW18: =IF(AT18="","",IFERROR(INDEX(Ciselniky!$J$3:$J$10,MATCH(AT18,Ciselniky!$F$3:$F$10,0)),"MANUAL")) | AX18: =IF(OR(A18="",E18=""),"",MAX(0,MIN(100,SUM(R18:Y18)))) | AY18: =IF(OR(A18="",E18=""),"",AV18*Parametry!$B$41) | AZ18: =IF(OR(A18="",E18=""),"",AX18*Parametry!$B$42) | BA18: =IF(OR(A18="",E18=""),"",AK18*Parametry!$B$43) | BB18: =IF(OR(A18="",E18=""),"",IF(AW18="STOP",-100,IF(AT18="BB",Parametry!$B$47,IF(AT18="NR",Parametry!$B$48,0))))
I19: =IF(A19="","",IF(AND(Parametry!$B$39="ANO",B19<>""),COUNTIFS(Historie!$A$2:$A$2000,A19,Historie!$B$2:$B$2000,B19,Historie!$E$2:$E$2000,"<>"),COUNTIFS(Historie!$A$2:$A$2000,A19,Historie!$E$2:$E$2000,"<>"))) | J19: =IF(I19=0,"",IFERROR(IF(AND(Parametry!$B$39="ANO",B19<>""),AVERAGEIFS(Historie!$F$2:$F$2000,Historie!$A$2:$A$2000,A19,Historie!$B$2:$B$2000,B19,Historie!$E$2:$E$2000,"<>"),AVERAGEIFS(Historie!$F$2:$F$2000,Historie!$A$2:$A$2000,A19,Historie!$E$2:$E$2000,"<>")),"")) | K19: =IF(I19=0,"",IFERROR(IF(AND(Parametry!$B$39="ANO",B19<>""),COUNTIFS(Historie!$A$2:$A$2000,A19,Historie!$B$2:$B$2000,B19,Historie!$E$2:$E$2000,"<>",Historie!$F$2:$F$2000,">0")/I19,COUNTIFS(Historie!$A$2:$A$2000,A19,Historie!$E$2:$E$2000,"<>",Historie!$F$2:$F$2000,">0")/I19),0)) -> 0 | L19: =IF(OR(A19="",I19=0),"",IFERROR(DATEDIF(IF(AND(Parametry!$B$39="ANO",B19<>""),_xludf.minifs(Historie!$E$2:$E$2000,Historie!$A$2:$A$2000,A19,Historie!$B$2:$B$2000,B19,Historie!$E$2:$E$2000,"<>"),_xludf.minifs(Historie!$E$2:$E$2000,Historie!$A$2:$A$2000,A19,Historie!$E$2:$E$2000,"<>")),IF(AND(Parametry!$B$39="ANO",B19<>""),_xludf.maxifs(Historie!$E$2:$E$2000,Historie!$A$2:$A$2000,A19,Historie!$B$2:$B$2000,B19,Historie!$E$2:$E$2000,"<>"),_xludf.maxifs(Historie!$E$2:$E$2000,Historie!$A$2:$A$2000,A19,Historie!$E$2:$E$2000,"<>")),"M"),0)) | M19: =IF(A19="","",IFERROR(IF(AND(Parametry!$B$39="ANO",B19<>""),AVERAGEIFS(Historie!$C$2:$C$2000,Historie!$A$2:$A$2000,A19,Historie!$B$2:$B$2000,B19,Historie!$E$2:$E$2000,"<>"),AVERAGEIFS(Historie!$C$2:$C$2000,Historie!$A$2:$A$2000,A19,Historie!$E$2:$E$2000,"<>")),"")) | N19: =IF(F19="","",F19-TODAY()) | O19: =IF(OR(A19="",E19=""),"",IF(C19="Uhrazená","",N19)) | P19: =IF(OR(A19="",E19=""),"",IF(I19=0,"ANO","NE")) | Q19: =IF(OR(A19="",E19="",M19=0),"",IFERROR(E19/M19,"")) | R19: =IF(OR(A19="",E19=""),"",IF(I19>=Parametry!$B$4,Parametry!$B$9,0)) | S19: =IF(OR(A19="",E19=""),"",IF(I19>0,IF(J19<=Parametry!$B$5,Parametry!$B$10,0),0)) | T19: =IF(OR(A19="",E19=""),"",IF(I19>0,IF(K19<=Parametry!$B$6,Parametry!$B$11,0),0)) | U19: =IF(OR(A19="",E19=""),"",IF(L19>=Parametry!$B$7,Parametry!$B$12,0)) | V19: =IF(OR(A19="",E19=""),"",IF(M19>0,IF(Q19<=Parametry!$B$8,Parametry!$B$13,0),0)) | W19: =IF(OR(A19="",E19=""),"",IF(P19="ANO",Parametry!$B$14,0)) | X19: =IF(OR(A19="",E19=""),"",IF(G19="ANO",Parametry!$B$15,0)) | Y19: =IF(OR(A19="",E19=""),"",IF(H19="ANO",Parametry!$B$16,0)) | Z19: =IF(OR(A19="",E19=""),"",MAX(0,MIN(100,ROUND(AY19+AZ19+BA19+BB19,0)))) | AA19: =IF(Z19="","",IF(AW19="STOP","Stop",IF(AW19="MANUAL",IF(Z19>=Parametry!$B$19,"Watchlist","Stop"),IF(Z19>=Parametry!$B$17,"Nízké riziko",IF(Z19>=Parametry!$B$18,"Střední riziko",IF(Z19>=Parametry!$B$19,"Watchlist","Stop")))))) | AB19: =IF(AA19="","",MIN(IF(AA19="Nízké riziko",Parametry!$B$20,IF(AA19="Střední riziko",Parametry!$B$21,IF(AA19="Watchlist",Parametry!$B$22,Parametry!$B$23))),IFERROR(INDEX(Ciselniky!$H$3:$H$10,MATCH(AT19,Ciselniky!$F$3:$F$10,0)),0))) | AC19: =IF(AA19="","",IF(AA19="Stop",0,IF(AA19="Nízké riziko",Parametry!$B$24,IF(AA19="Střední riziko",Parametry!$B$25,IF(AA19="Watchlist",Parametry!$B$26,0)))+IFERROR(INDEX(Ciselniky!$I$3:$I$10,MATCH(AT19,Ciselniky!$F$3:$F$10,0)),0))) | AD19: =IF(AA19="","",IF(OR(AA19="Stop",AW19="STOP"),"Stop",IF(AW19="MANUAL","Pouze manuálně",IF(AA19="Nízké riziko","Financovat",IF(AA19="Střední riziko","Financovat s limitem",IF(AA19="Watchlist","Pouze manuálně","Stop")))))) | AE19: =E19 -> 0 | AF19: =SUMIF($A$6:$A$45,A19,$E$6:$E$45) -> 0 | AG19: =Parametry!$B$28 -> 5800000 | AH19: =IFERROR(AE19/AF19,"") | AI19: =IFERROR(AF19/Parametry!$B$28,"") -> 0 | AJ19: =IFERROR(AE19/Parametry!$B$28,"") -> 0 | AK19: =IF(OR(A19="",E19=""),"",MAX(0,100-IF(Parametry!$B$27="early",0.5,IF(Parametry!$B$27="growth",0.75,1))*(IF(AI19<=Parametry!$B$34,0,IF(AI19<=Parametry!$B$34+0.05,8,20))+IF(AH19<=Parametry!$B$35,0,12)+IF(AJ19<=Parametry!$B$36,0,12)))) | AL19: =IF(OR(A19="",E19=""),"",IF(Parametry!$B$27="early",IF(OR(AI19>Parametry!$B$34*1.2,AH19>Parametry!$B$35*1.3),"EARLY STAGE EXCEPTION","OK"),IF(Parametry!$B$27="growth",IF(OR(AI19>Parametry!$B$34*1.35,AH19>Parametry!$B$35*1.4),"RED FLAG","OK"),IF(OR(AI19>Parametry!$B$34*1.2,AH19>Parametry!$B$35*1.3),"RED FLAG","OK")))) | AM19: =IF(OR(A19="",E19=""),"",IF(COUNTIF($A$6:A19,A19)=1,AF19,"")) | AN19: =IF(A19="","",SUMPRODUCT(($A$6:$A$45=A19)*($E$6:$E$45)*((($C$6:$C$45="")+($C$6:$C$45="Otevřená"))>0))) | AO19: =IF(OR(B19="",A19=""),"",SUMPRODUCT(($B$6:$B$45=B19)*($E$6:$E$45)*((($C$6:$C$45="")+($C$6:$C$45="Otevřená"))>0))) | AP19: =IF(OR(A19="",E19=""),"",IF(C19="Uhrazená","",N19)) | AQ19: =IF(OR(A19="",E19=""),"",IF(OR(AW19="STOP",AA19="Stop"),5,IF(OR(G19="ANO",H19="ANO"),4,IF(AL19="RED FLAG",4,IF(OR(AW19="MANUAL",AA19="Watchlist"),3,IF(OR(AL19="EARLY STAGE EXCEPTION",AA19="Střední riziko"),2,IF(AA19="Nízké riziko",1,5))))))) | AR19: =IF(OR(A19="",E19=""),"",IF(OR(AQ19="",NOT(ISNUMBER(AQ19))),"",IF(AQ19=1,"Vhodné ke schválení",IF(AQ19=2,"Schválit s výhradou (koncentrace / early stage)",IF(AQ19=3,"Pouze manuálně - anchor rating / watchlist",IF(AQ19=4,"Zamítnout - spor, nesoulad nebo koncentrace",IF(AQ19=5,"STOP",""))))))) | AS19: =IF(A19="","",TEXT(Z19,"0") & " b | " & AA19 & " | " & AD19 & " | gate " & AW19 & " | rating " & AT19) | AT19: =IF(A19="","",IF(COUNTIF(Ciselniky!$L$3:$L$200,A19)=0,"NR",IF(INDEX(Ciselniky!$M$3:$M$200,MATCH(A19,Ciselniky!$L$3:$L$200,0))="","NR",INDEX(Ciselniky!$M$3:$M$200,MATCH(A19,Ciselniky!$L$3:$L$200,0))))) | AU19: =IF(A19="","",IF(AT19="NR","doplňit rating v Ciselniky",IFERROR(IF(INDEX(Ciselniky!$N$3:$N$200,MATCH(A19,Ciselniky!$L$3:$L$200,0))="","anchor master",INDEX(Ciselniky!$N$3:$N$200,MATCH(A19,Ciselniky!$L$3:$L$200,0))),"anchor master"))) | AV19: =IF(AT19="","",IFERROR(INDEX(Ciselniky!$G$3:$G$10,MATCH(AT19,Ciselniky!$F$3:$F$10,0)),0)) | AW19: =IF(AT19="","",IFERROR(INDEX(Ciselniky!$J$3:$J$10,MATCH(AT19,Ciselniky!$F$3:$F$10,0)),"MANUAL")) | AX19: =IF(OR(A19="",E19=""),"",MAX(0,MIN(100,SUM(R19:Y19)))) | AY19: =IF(OR(A19="",E19=""),"",AV19*Parametry!$B$41) | AZ19: =IF(OR(A19="",E19=""),"",AX19*Parametry!$B$42) | BA19: =IF(OR(A19="",E19=""),"",AK19*Parametry!$B$43) | BB19: =IF(OR(A19="",E19=""),"",IF(AW19="STOP",-100,IF(AT19="BB",Parametry!$B$47,IF(AT19="NR",Parametry!$B$48,0))))
I20: =IF(A20="","",IF(AND(Parametry!$B$39="ANO",B20<>""),COUNTIFS(Historie!$A$2:$A$2000,A20,Historie!$B$2:$B$2000,B20,Historie!$E$2:$E$2000,"<>"),COUNTIFS(Historie!$A$2:$A$2000,A20,Historie!$E$2:$E$2000,"<>"))) | J20: =IF(I20=0,"",IFERROR(IF(AND(Parametry!$B$39="ANO",B20<>""),AVERAGEIFS(Historie!$F$2:$F$2000,Historie!$A$2:$A$2000,A20,Historie!$B$2:$B$2000,B20,Historie!$E$2:$E$2000,"<>"),AVERAGEIFS(Historie!$F$2:$F$2000,Historie!$A$2:$A$2000,A20,Historie!$E$2:$E$2000,"<>")),"")) | K20: =IF(I20=0,"",IFERROR(IF(AND(Parametry!$B$39="ANO",B20<>""),COUNTIFS(Historie!$A$2:$A$2000,A20,Historie!$B$2:$B$2000,B20,Historie!$E$2:$E$2000,"<>",Historie!$F$2:$F$2000,">0")/I20,COUNTIFS(Historie!$A$2:$A$2000,A20,Historie!$E$2:$E$2000,"<>",Historie!$F$2:$F$2000,">0")/I20),0)) -> 0 | L20: =IF(OR(A20="",I20=0),"",IFERROR(DATEDIF(IF(AND(Parametry!$B$39="ANO",B20<>""),_xludf.minifs(Historie!$E$2:$E$2000,Historie!$A$2:$A$2000,A20,Historie!$B$2:$B$2000,B20,Historie!$E$2:$E$2000,"<>"),_xludf.minifs(Historie!$E$2:$E$2000,Historie!$A$2:$A$2000,A20,Historie!$E$2:$E$2000,"<>")),IF(AND(Parametry!$B$39="ANO",B20<>""),_xludf.maxifs(Historie!$E$2:$E$2000,Historie!$A$2:$A$2000,A20,Historie!$B$2:$B$2000,B20,Historie!$E$2:$E$2000,"<>"),_xludf.maxifs(Historie!$E$2:$E$2000,Historie!$A$2:$A$2000,A20,Historie!$E$2:$E$2000,"<>")),"M"),0)) | M20: =IF(A20="","",IFERROR(IF(AND(Parametry!$B$39="ANO",B20<>""),AVERAGEIFS(Historie!$C$2:$C$2000,Historie!$A$2:$A$2000,A20,Historie!$B$2:$B$2000,B20,Historie!$E$2:$E$2000,"<>"),AVERAGEIFS(Historie!$C$2:$C$2000,Historie!$A$2:$A$2000,A20,Historie!$E$2:$E$2000,"<>")),"")) | N20: =IF(F20="","",F20-TODAY()) | O20: =IF(OR(A20="",E20=""),"",IF(C20="Uhrazená","",N20)) | P20: =IF(OR(A20="",E20=""),"",IF(I20=0,"ANO","NE")) | Q20: =IF(OR(A20="",E20="",M20=0),"",IFERROR(E20/M20,"")) | R20: =IF(OR(A20="",E20=""),"",IF(I20>=Parametry!$B$4,Parametry!$B$9,0)) | S20: =IF(OR(A20="",E20=""),"",IF(I20>0,IF(J20<=Parametry!$B$5,Parametry!$B$10,0),0)) | T20: =IF(OR(A20="",E20=""),"",IF(I20>0,IF(K20<=Parametry!$B$6,Parametry!$B$11,0),0)) | U20: =IF(OR(A20="",E20=""),"",IF(L20>=Parametry!$B$7,Parametry!$B$12,0)) | V20: =IF(OR(A20="",E20=""),"",IF(M20>0,IF(Q20<=Parametry!$B$8,Parametry!$B$13,0),0)) | W20: =IF(OR(A20="",E20=""),"",IF(P20="ANO",Parametry!$B$14,0)) | X20: =IF(OR(A20="",E20=""),"",IF(G20="ANO",Parametry!$B$15,0)) | Y20: =IF(OR(A20="",E20=""),"",IF(H20="ANO",Parametry!$B$16,0)) | Z20: =IF(OR(A20="",E20=""),"",MAX(0,MIN(100,ROUND(AY20+AZ20+BA20+BB20,0)))) | AA20: =IF(Z20="","",IF(AW20="STOP","Stop",IF(AW20="MANUAL",IF(Z20>=Parametry!$B$19,"Watchlist","Stop"),IF(Z20>=Parametry!$B$17,"Nízké riziko",IF(Z20>=Parametry!$B$18,"Střední riziko",IF(Z20>=Parametry!$B$19,"Watchlist","Stop")))))) | AB20: =IF(AA20="","",MIN(IF(AA20="Nízké riziko",Parametry!$B$20,IF(AA20="Střední riziko",Parametry!$B$21,IF(AA20="Watchlist",Parametry!$B$22,Parametry!$B$23))),IFERROR(INDEX(Ciselniky!$H$3:$H$10,MATCH(AT20,Ciselniky!$F$3:$F$10,0)),0))) | AC20: =IF(AA20="","",IF(AA20="Stop",0,IF(AA20="Nízké riziko",Parametry!$B$24,IF(AA20="Střední riziko",Parametry!$B$25,IF(AA20="Watchlist",Parametry!$B$26,0)))+IFERROR(INDEX(Ciselniky!$I$3:$I$10,MATCH(AT20,Ciselniky!$F$3:$F$10,0)),0))) | AD20: =IF(AA20="","",IF(OR(AA20="Stop",AW20="STOP"),"Stop",IF(AW20="MANUAL","Pouze manuálně",IF(AA20="Nízké riziko","Financovat",IF(AA20="Střední riziko","Financovat s limitem",IF(AA20="Watchlist","Pouze manuálně","Stop")))))) | AE20: =E20 -> 0 | AF20: =SUMIF($A$6:$A$45,A20,$E$6:$E$45) -> 0 | AG20: =Parametry!$B$28 -> 5800000 | AH20: =IFERROR(AE20/AF20,"") | AI20: =IFERROR(AF20/Parametry!$B$28,"") -> 0 | AJ20: =IFERROR(AE20/Parametry!$B$28,"") -> 0 | AK20: =IF(OR(A20="",E20=""),"",MAX(0,100-IF(Parametry!$B$27="early",0.5,IF(Parametry!$B$27="growth",0.75,1))*(IF(AI20<=Parametry!$B$34,0,IF(AI20<=Parametry!$B$34+0.05,8,20))+IF(AH20<=Parametry!$B$35,0,12)+IF(AJ20<=Parametry!$B$36,0,12)))) | AL20: =IF(OR(A20="",E20=""),"",IF(Parametry!$B$27="early",IF(OR(AI20>Parametry!$B$34*1.2,AH20>Parametry!$B$35*1.3),"EARLY STAGE EXCEPTION","OK"),IF(Parametry!$B$27="growth",IF(OR(AI20>Parametry!$B$34*1.35,AH20>Parametry!$B$35*1.4),"RED FLAG","OK"),IF(OR(AI20>Parametry!$B$34*1.2,AH20>Parametry!$B$35*1.3),"RED FLAG","OK")))) | AM20: =IF(OR(A20="",E20=""),"",IF(COUNTIF($A$6:A20,A20)=1,AF20,"")) | AN20: =IF(A20="","",SUMPRODUCT(($A$6:$A$45=A20)*($E$6:$E$45)*((($C$6:$C$45="")+($C$6:$C$45="Otevřená"))>0))) | AO20: =IF(OR(B20="",A20=""),"",SUMPRODUCT(($B$6:$B$45=B20)*($E$6:$E$45)*((($C$6:$C$45="")+($C$6:$C$45="Otevřená"))>0))) | AP20: =IF(OR(A20="",E20=""),"",IF(C20="Uhrazená","",N20)) | AQ20: =IF(OR(A20="",E20=""),"",IF(OR(AW20="STOP",AA20="Stop"),5,IF(OR(G20="ANO",H20="ANO"),4,IF(AL20="RED FLAG",4,IF(OR(AW20="MANUAL",AA20="Watchlist"),3,IF(OR(AL20="EARLY STAGE EXCEPTION",AA20="Střední riziko"),2,IF(AA20="Nízké riziko",1,5))))))) | AR20: =IF(OR(A20="",E20=""),"",IF(OR(AQ20="",NOT(ISNUMBER(AQ20))),"",IF(AQ20=1,"Vhodné ke schválení",IF(AQ20=2,"Schválit s výhradou (koncentrace / early stage)",IF(AQ20=3,"Pouze manuálně - anchor rating / watchlist",IF(AQ20=4,"Zamítnout - spor, nesoulad nebo koncentrace",IF(AQ20=5,"STOP",""))))))) | AS20: =IF(A20="","",TEXT(Z20,"0") & " b | " & AA20 & " | " & AD20 & " | gate " & AW20 & " | rating " & AT20) | AT20: =IF(A20="","",IF(COUNTIF(Ciselniky!$L$3:$L$200,A20)=0,"NR",IF(INDEX(Ciselniky!$M$3:$M$200,MATCH(A20,Ciselniky!$L$3:$L$200,0))="","NR",INDEX(Ciselniky!$M$3:$M$200,MATCH(A20,Ciselniky!$L$3:$L$200,0))))) | AU20: =IF(A20="","",IF(AT20="NR","doplňit rating v Ciselniky",IFERROR(IF(INDEX(Ciselniky!$N$3:$N$200,MATCH(A20,Ciselniky!$L$3:$L$200,0))="","anchor master",INDEX(Ciselniky!$N$3:$N$200,MATCH(A20,Ciselniky!$L$3:$L$200,0))),"anchor master"))) | AV20: =IF(AT20="","",IFERROR(INDEX(Ciselniky!$G$3:$G$10,MATCH(AT20,Ciselniky!$F$3:$F$10,0)),0)) | AW20: =IF(AT20="","",IFERROR(INDEX(Ciselniky!$J$3:$J$10,MATCH(AT20,Ciselniky!$F$3:$F$10,0)),"MANUAL")) | AX20: =IF(OR(A20="",E20=""),"",MAX(0,MIN(100,SUM(R20:Y20)))) | AY20: =IF(OR(A20="",E20=""),"",AV20*Parametry!$B$41) | AZ20: =IF(OR(A20="",E20=""),"",AX20*Parametry!$B$42) | BA20: =IF(OR(A20="",E20=""),"",AK20*Parametry!$B$43) | BB20: =IF(OR(A20="",E20=""),"",IF(AW20="STOP",-100,IF(AT20="BB",Parametry!$B$47,IF(AT20="NR",Parametry!$B$48,0))))
I21: =IF(A21="","",IF(AND(Parametry!$B$39="ANO",B21<>""),COUNTIFS(Historie!$A$2:$A$2000,A21,Historie!$B$2:$B$2000,B21,Historie!$E$2:$E$2000,"<>"),COUNTIFS(Historie!$A$2:$A$2000,A21,Historie!$E$2:$E$2000,"<>"))) | J21: =IF(I21=0,"",IFERROR(IF(AND(Parametry!$B$39="ANO",B21<>""),AVERAGEIFS(Historie!$F$2:$F$2000,Historie!$A$2:$A$2000,A21,Historie!$B$2:$B$2000,B21,Historie!$E$2:$E$2000,"<>"),AVERAGEIFS(Historie!$F$2:$F$2000,Historie!$A$2:$A$2000,A21,Historie!$E$2:$E$2000,"<>")),"")) | K21: =IF(I21=0,"",IFERROR(IF(AND(Parametry!$B$39="ANO",B21<>""),COUNTIFS(Historie!$A$2:$A$2000,A21,Historie!$B$2:$B$2000,B21,Historie!$E$2:$E$2000,"<>",Historie!$F$2:$F$2000,">0")/I21,COUNTIFS(Historie!$A$2:$A$2000,A21,Historie!$E$2:$E$2000,"<>",Historie!$F$2:$F$2000,">0")/I21),0)) -> 0 | L21: =IF(OR(A21="",I21=0),"",IFERROR(DATEDIF(IF(AND(Parametry!$B$39="ANO",B21<>""),_xludf.minifs(Historie!$E$2:$E$2000,Historie!$A$2:$A$2000,A21,Historie!$B$2:$B$2000,B21,Historie!$E$2:$E$2000,"<>"),_xludf.minifs(Historie!$E$2:$E$2000,Historie!$A$2:$A$2000,A21,Historie!$E$2:$E$2000,"<>")),IF(AND(Parametry!$B$39="ANO",B21<>""),_xludf.maxifs(Historie!$E$2:$E$2000,Historie!$A$2:$A$2000,A21,Historie!$B$2:$B$2000,B21,Historie!$E$2:$E$2000,"<>"),_xludf.maxifs(Historie!$E$2:$E$2000,Historie!$A$2:$A$2000,A21,Historie!$E$2:$E$2000,"<>")),"M"),0)) | M21: =IF(A21="","",IFERROR(IF(AND(Parametry!$B$39="ANO",B21<>""),AVERAGEIFS(Historie!$C$2:$C$2000,Historie!$A$2:$A$2000,A21,Historie!$B$2:$B$2000,B21,Historie!$E$2:$E$2000,"<>"),AVERAGEIFS(Historie!$C$2:$C$2000,Historie!$A$2:$A$2000,A21,Historie!$E$2:$E$2000,"<>")),"")) | N21: =IF(F21="","",F21-TODAY()) | O21: =IF(OR(A21="",E21=""),"",IF(C21="Uhrazená","",N21)) | P21: =IF(OR(A21="",E21=""),"",IF(I21=0,"ANO","NE")) | Q21: =IF(OR(A21="",E21="",M21=0),"",IFERROR(E21/M21,"")) | R21: =IF(OR(A21="",E21=""),"",IF(I21>=Parametry!$B$4,Parametry!$B$9,0)) | S21: =IF(OR(A21="",E21=""),"",IF(I21>0,IF(J21<=Parametry!$B$5,Parametry!$B$10,0),0)) | T21: =IF(OR(A21="",E21=""),"",IF(I21>0,IF(K21<=Parametry!$B$6,Parametry!$B$11,0),0)) | U21: =IF(OR(A21="",E21=""),"",IF(L21>=Parametry!$B$7,Parametry!$B$12,0)) | V21: =IF(OR(A21="",E21=""),"",IF(M21>0,IF(Q21<=Parametry!$B$8,Parametry!$B$13,0),0)) | W21: =IF(OR(A21="",E21=""),"",IF(P21="ANO",Parametry!$B$14,0)) | X21: =IF(OR(A21="",E21=""),"",IF(G21="ANO",Parametry!$B$15,0)) | Y21: =IF(OR(A21="",E21=""),"",IF(H21="ANO",Parametry!$B$16,0)) | Z21: =IF(OR(A21="",E21=""),"",MAX(0,MIN(100,ROUND(AY21+AZ21+BA21+BB21,0)))) | AA21: =IF(Z21="","",IF(AW21="STOP","Stop",IF(AW21="MANUAL",IF(Z21>=Parametry!$B$19,"Watchlist","Stop"),IF(Z21>=Parametry!$B$17,"Nízké riziko",IF(Z21>=Parametry!$B$18,"Střední riziko",IF(Z21>=Parametry!$B$19,"Watchlist","Stop")))))) | AB21: =IF(AA21="","",MIN(IF(AA21="Nízké riziko",Parametry!$B$20,IF(AA21="Střední riziko",Parametry!$B$21,IF(AA21="Watchlist",Parametry!$B$22,Parametry!$B$23))),IFERROR(INDEX(Ciselniky!$H$3:$H$10,MATCH(AT21,Ciselniky!$F$3:$F$10,0)),0))) | AC21: =IF(AA21="","",IF(AA21="Stop",0,IF(AA21="Nízké riziko",Parametry!$B$24,IF(AA21="Střední riziko",Parametry!$B$25,IF(AA21="Watchlist",Parametry!$B$26,0)))+IFERROR(INDEX(Ciselniky!$I$3:$I$10,MATCH(AT21,Ciselniky!$F$3:$F$10,0)),0))) | AD21: =IF(AA21="","",IF(OR(AA21="Stop",AW21="STOP"),"Stop",IF(AW21="MANUAL","Pouze manuálně",IF(AA21="Nízké riziko","Financovat",IF(AA21="Střední riziko","Financovat s limitem",IF(AA21="Watchlist","Pouze manuálně","Stop")))))) | AE21: =E21 -> 0 | AF21: =SUMIF($A$6:$A$45,A21,$E$6:$E$45) -> 0 | AG21: =Parametry!$B$28 -> 5800000 | AH21: =IFERROR(AE21/AF21,"") | AI21: =IFERROR(AF21/Parametry!$B$28,"") -> 0 | AJ21: =IFERROR(AE21/Parametry!$B$28,"") -> 0 | AK21: =IF(OR(A21="",E21=""),"",MAX(0,100-IF(Parametry!$B$27="early",0.5,IF(Parametry!$B$27="growth",0.75,1))*(IF(AI21<=Parametry!$B$34,0,IF(AI21<=Parametry!$B$34+0.05,8,20))+IF(AH21<=Parametry!$B$35,0,12)+IF(AJ21<=Parametry!$B$36,0,12)))) | AL21: =IF(OR(A21="",E21=""),"",IF(Parametry!$B$27="early",IF(OR(AI21>Parametry!$B$34*1.2,AH21>Parametry!$B$35*1.3),"EARLY STAGE EXCEPTION","OK"),IF(Parametry!$B$27="growth",IF(OR(AI21>Parametry!$B$34*1.35,AH21>Parametry!$B$35*1.4),"RED FLAG","OK"),IF(OR(AI21>Parametry!$B$34*1.2,AH21>Parametry!$B$35*1.3),"RED FLAG","OK")))) | AM21: =IF(OR(A21="",E21=""),"",IF(COUNTIF($A$6:A21,A21)=1,AF21,"")) | AN21: =IF(A21="","",SUMPRODUCT(($A$6:$A$45=A21)*($E$6:$E$45)*((($C$6:$C$45="")+($C$6:$C$45="Otevřená"))>0))) | AO21: =IF(OR(B21="",A21=""),"",SUMPRODUCT(($B$6:$B$45=B21)*($E$6:$E$45)*((($C$6:$C$45="")+($C$6:$C$45="Otevřená"))>0))) | AP21: =IF(OR(A21="",E21=""),"",IF(C21="Uhrazená","",N21)) | AQ21: =IF(OR(A21="",E21=""),"",IF(OR(AW21="STOP",AA21="Stop"),5,IF(OR(G21="ANO",H21="ANO"),4,IF(AL21="RED FLAG",4,IF(OR(AW21="MANUAL",AA21="Watchlist"),3,IF(OR(AL21="EARLY STAGE EXCEPTION",AA21="Střední riziko"),2,IF(AA21="Nízké riziko",1,5))))))) | AR21: =IF(OR(A21="",E21=""),"",IF(OR(AQ21="",NOT(ISNUMBER(AQ21))),"",IF(AQ21=1,"Vhodné ke schválení",IF(AQ21=2,"Schválit s výhradou (koncentrace / early stage)",IF(AQ21=3,"Pouze manuálně - anchor rating / watchlist",IF(AQ21=4,"Zamítnout - spor, nesoulad nebo koncentrace",IF(AQ21=5,"STOP",""))))))) | AS21: =IF(A21="","",TEXT(Z21,"0") & " b | " & AA21 & " | " & AD21 & " | gate " & AW21 & " | rating " & AT21) | AT21: =IF(A21="","",IF(COUNTIF(Ciselniky!$L$3:$L$200,A21)=0,"NR",IF(INDEX(Ciselniky!$M$3:$M$200,MATCH(A21,Ciselniky!$L$3:$L$200,0))="","NR",INDEX(Ciselniky!$M$3:$M$200,MATCH(A21,Ciselniky!$L$3:$L$200,0))))) | AU21: =IF(A21="","",IF(AT21="NR","doplňit rating v Ciselniky",IFERROR(IF(INDEX(Ciselniky!$N$3:$N$200,MATCH(A21,Ciselniky!$L$3:$L$200,0))="","anchor master",INDEX(Ciselniky!$N$3:$N$200,MATCH(A21,Ciselniky!$L$3:$L$200,0))),"anchor master"))) | AV21: =IF(AT21="","",IFERROR(INDEX(Ciselniky!$G$3:$G$10,MATCH(AT21,Ciselniky!$F$3:$F$10,0)),0)) | AW21: =IF(AT21="","",IFERROR(INDEX(Ciselniky!$J$3:$J$10,MATCH(AT21,Ciselniky!$F$3:$F$10,0)),"MANUAL")) | AX21: =IF(OR(A21="",E21=""),"",MAX(0,MIN(100,SUM(R21:Y21)))) | AY21: =IF(OR(A21="",E21=""),"",AV21*Parametry!$B$41) | AZ21: =IF(OR(A21="",E21=""),"",AX21*Parametry!$B$42) | BA21: =IF(OR(A21="",E21=""),"",AK21*Parametry!$B$43) | BB21: =IF(OR(A21="",E21=""),"",IF(AW21="STOP",-100,IF(AT21="BB",Parametry!$B$47,IF(AT21="NR",Parametry!$B$48,0))))
I22: =IF(A22="","",IF(AND(Parametry!$B$39="ANO",B22<>""),COUNTIFS(Historie!$A$2:$A$2000,A22,Historie!$B$2:$B$2000,B22,Historie!$E$2:$E$2000,"<>"),COUNTIFS(Historie!$A$2:$A$2000,A22,Historie!$E$2:$E$2000,"<>"))) | J22: =IF(I22=0,"",IFERROR(IF(AND(Parametry!$B$39="ANO",B22<>""),AVERAGEIFS(Historie!$F$2:$F$2000,Historie!$A$2:$A$2000,A22,Historie!$B$2:$B$2000,B22,Historie!$E$2:$E$2000,"<>"),AVERAGEIFS(Historie!$F$2:$F$2000,Historie!$A$2:$A$2000,A22,Historie!$E$2:$E$2000,"<>")),"")) | K22: =IF(I22=0,"",IFERROR(IF(AND(Parametry!$B$39="ANO",B22<>""),COUNTIFS(Historie!$A$2:$A$2000,A22,Historie!$B$2:$B$2000,B22,Historie!$E$2:$E$2000,"<>",Historie!$F$2:$F$2000,">0")/I22,COUNTIFS(Historie!$A$2:$A$2000,A22,Historie!$E$2:$E$2000,"<>",Historie!$F$2:$F$2000,">0")/I22),0)) -> 0 | L22: =IF(OR(A22="",I22=0),"",IFERROR(DATEDIF(IF(AND(Parametry!$B$39="ANO",B22<>""),_xludf.minifs(Historie!$E$2:$E$2000,Historie!$A$2:$A$2000,A22,Historie!$B$2:$B$2000,B22,Historie!$E$2:$E$2000,"<>"),_xludf.minifs(Historie!$E$2:$E$2000,Historie!$A$2:$A$2000,A22,Historie!$E$2:$E$2000,"<>")),IF(AND(Parametry!$B$39="ANO",B22<>""),_xludf.maxifs(Historie!$E$2:$E$2000,Historie!$A$2:$A$2000,A22,Historie!$B$2:$B$2000,B22,Historie!$E$2:$E$2000,"<>"),_xludf.maxifs(Historie!$E$2:$E$2000,Historie!$A$2:$A$2000,A22,Historie!$E$2:$E$2000,"<>")),"M"),0)) | M22: =IF(A22="","",IFERROR(IF(AND(Parametry!$B$39="ANO",B22<>""),AVERAGEIFS(Historie!$C$2:$C$2000,Historie!$A$2:$A$2000,A22,Historie!$B$2:$B$2000,B22,Historie!$E$2:$E$2000,"<>"),AVERAGEIFS(Historie!$C$2:$C$2000,Historie!$A$2:$A$2000,A22,Historie!$E$2:$E$2000,"<>")),"")) | N22: =IF(F22="","",F22-TODAY()) | O22: =IF(OR(A22="",E22=""),"",IF(C22="Uhrazená","",N22)) | P22: =IF(OR(A22="",E22=""),"",IF(I22=0,"ANO","NE")) | Q22: =IF(OR(A22="",E22="",M22=0),"",IFERROR(E22/M22,"")) | R22: =IF(OR(A22="",E22=""),"",IF(I22>=Parametry!$B$4,Parametry!$B$9,0)) | S22: =IF(OR(A22="",E22=""),"",IF(I22>0,IF(J22<=Parametry!$B$5,Parametry!$B$10,0),0)) | T22: =IF(OR(A22="",E22=""),"",IF(I22>0,IF(K22<=Parametry!$B$6,Parametry!$B$11,0),0)) | U22: =IF(OR(A22="",E22=""),"",IF(L22>=Parametry!$B$7,Parametry!$B$12,0)) | V22: =IF(OR(A22="",E22=""),"",IF(M22>0,IF(Q22<=Parametry!$B$8,Parametry!$B$13,0),0)) | W22: =IF(OR(A22="",E22=""),"",IF(P22="ANO",Parametry!$B$14,0)) | X22: =IF(OR(A22="",E22=""),"",IF(G22="ANO",Parametry!$B$15,0)) | Y22: =IF(OR(A22="",E22=""),"",IF(H22="ANO",Parametry!$B$16,0)) | Z22: =IF(OR(A22="",E22=""),"",MAX(0,MIN(100,ROUND(AY22+AZ22+BA22+BB22,0)))) | AA22: =IF(Z22="","",IF(AW22="STOP","Stop",IF(AW22="MANUAL",IF(Z22>=Parametry!$B$19,"Watchlist","Stop"),IF(Z22>=Parametry!$B$17,"Nízké riziko",IF(Z22>=Parametry!$B$18,"Střední riziko",IF(Z22>=Parametry!$B$19,"Watchlist","Stop")))))) | AB22: =IF(AA22="","",MIN(IF(AA22="Nízké riziko",Parametry!$B$20,IF(AA22="Střední riziko",Parametry!$B$21,IF(AA22="Watchlist",Parametry!$B$22,Parametry!$B$23))),IFERROR(INDEX(Ciselniky!$H$3:$H$10,MATCH(AT22,Ciselniky!$F$3:$F$10,0)),0))) | AC22: =IF(AA22="","",IF(AA22="Stop",0,IF(AA22="Nízké riziko",Parametry!$B$24,IF(AA22="Střední riziko",Parametry!$B$25,IF(AA22="Watchlist",Parametry!$B$26,0)))+IFERROR(INDEX(Ciselniky!$I$3:$I$10,MATCH(AT22,Ciselniky!$F$3:$F$10,0)),0))) | AD22: =IF(AA22="","",IF(OR(AA22="Stop",AW22="STOP"),"Stop",IF(AW22="MANUAL","Pouze manuálně",IF(AA22="Nízké riziko","Financovat",IF(AA22="Střední riziko","Financovat s limitem",IF(AA22="Watchlist","Pouze manuálně","Stop")))))) | AE22: =E22 -> 0 | AF22: =SUMIF($A$6:$A$45,A22,$E$6:$E$45) -> 0 | AG22: =Parametry!$B$28 -> 5800000 | AH22: =IFERROR(AE22/AF22,"") | AI22: =IFERROR(AF22/Parametry!$B$28,"") -> 0 | AJ22: =IFERROR(AE22/Parametry!$B$28,"") -> 0 | AK22: =IF(OR(A22="",E22=""),"",MAX(0,100-IF(Parametry!$B$27="early",0.5,IF(Parametry!$B$27="growth",0.75,1))*(IF(AI22<=Parametry!$B$34,0,IF(AI22<=Parametry!$B$34+0.05,8,20))+IF(AH22<=Parametry!$B$35,0,12)+IF(AJ22<=Parametry!$B$36,0,12)))) | AL22: =IF(OR(A22="",E22=""),"",IF(Parametry!$B$27="early",IF(OR(AI22>Parametry!$B$34*1.2,AH22>Parametry!$B$35*1.3),"EARLY STAGE EXCEPTION","OK"),IF(Parametry!$B$27="growth",IF(OR(AI22>Parametry!$B$34*1.35,AH22>Parametry!$B$35*1.4),"RED FLAG","OK"),IF(OR(AI22>Parametry!$B$34*1.2,AH22>Parametry!$B$35*1.3),"RED FLAG","OK")))) | AM22: =IF(OR(A22="",E22=""),"",IF(COUNTIF($A$6:A22,A22)=1,AF22,"")) | AN22: =IF(A22="","",SUMPRODUCT(($A$6:$A$45=A22)*($E$6:$E$45)*((($C$6:$C$45="")+($C$6:$C$45="Otevřená"))>0))) | AO22: =IF(OR(B22="",A22=""),"",SUMPRODUCT(($B$6:$B$45=B22)*($E$6:$E$45)*((($C$6:$C$45="")+($C$6:$C$45="Otevřená"))>0))) | AP22: =IF(OR(A22="",E22=""),"",IF(C22="Uhrazená","",N22)) | AQ22: =IF(OR(A22="",E22=""),"",IF(OR(AW22="STOP",AA22="Stop"),5,IF(OR(G22="ANO",H22="ANO"),4,IF(AL22="RED FLAG",4,IF(OR(AW22="MANUAL",AA22="Watchlist"),3,IF(OR(AL22="EARLY STAGE EXCEPTION",AA22="Střední riziko"),2,IF(AA22="Nízké riziko",1,5))))))) | AR22: =IF(OR(A22="",E22=""),"",IF(OR(AQ22="",NOT(ISNUMBER(AQ22))),"",IF(AQ22=1,"Vhodné ke schválení",IF(AQ22=2,"Schválit s výhradou (koncentrace / early stage)",IF(AQ22=3,"Pouze manuálně - anchor rating / watchlist",IF(AQ22=4,"Zamítnout - spor, nesoulad nebo koncentrace",IF(AQ22=5,"STOP",""))))))) | AS22: =IF(A22="","",TEXT(Z22,"0") & " b | " & AA22 & " | " & AD22 & " | gate " & AW22 & " | rating " & AT22) | AT22: =IF(A22="","",IF(COUNTIF(Ciselniky!$L$3:$L$200,A22)=0,"NR",IF(INDEX(Ciselniky!$M$3:$M$200,MATCH(A22,Ciselniky!$L$3:$L$200,0))="","NR",INDEX(Ciselniky!$M$3:$M$200,MATCH(A22,Ciselniky!$L$3:$L$200,0))))) | AU22: =IF(A22="","",IF(AT22="NR","doplňit rating v Ciselniky",IFERROR(IF(INDEX(Ciselniky!$N$3:$N$200,MATCH(A22,Ciselniky!$L$3:$L$200,0))="","anchor master",INDEX(Ciselniky!$N$3:$N$200,MATCH(A22,Ciselniky!$L$3:$L$200,0))),"anchor master"))) | AV22: =IF(AT22="","",IFERROR(INDEX(Ciselniky!$G$3:$G$10,MATCH(AT22,Ciselniky!$F$3:$F$10,0)),0)) | AW22: =IF(AT22="","",IFERROR(INDEX(Ciselniky!$J$3:$J$10,MATCH(AT22,Ciselniky!$F$3:$F$10,0)),"MANUAL")) | AX22: =IF(OR(A22="",E22=""),"",MAX(0,MIN(100,SUM(R22:Y22)))) | AY22: =IF(OR(A22="",E22=""),"",AV22*Parametry!$B$41) | AZ22: =IF(OR(A22="",E22=""),"",AX22*Parametry!$B$42) | BA22: =IF(OR(A22="",E22=""),"",AK22*Parametry!$B$43) | BB22: =IF(OR(A22="",E22=""),"",IF(AW22="STOP",-100,IF(AT22="BB",Parametry!$B$47,IF(AT22="NR",Parametry!$B$48,0))))
I23: =IF(A23="","",IF(AND(Parametry!$B$39="ANO",B23<>""),COUNTIFS(Historie!$A$2:$A$2000,A23,Historie!$B$2:$B$2000,B23,Historie!$E$2:$E$2000,"<>"),COUNTIFS(Historie!$A$2:$A$2000,A23,Historie!$E$2:$E$2000,"<>"))) | J23: =IF(I23=0,"",IFERROR(IF(AND(Parametry!$B$39="ANO",B23<>""),AVERAGEIFS(Historie!$F$2:$F$2000,Historie!$A$2:$A$2000,A23,Historie!$B$2:$B$2000,B23,Historie!$E$2:$E$2000,"<>"),AVERAGEIFS(Historie!$F$2:$F$2000,Historie!$A$2:$A$2000,A23,Historie!$E$2:$E$2000,"<>")),"")) | K23: =IF(I23=0,"",IFERROR(IF(AND(Parametry!$B$39="ANO",B23<>""),COUNTIFS(Historie!$A$2:$A$2000,A23,Historie!$B$2:$B$2000,B23,Historie!$E$2:$E$2000,"<>",Historie!$F$2:$F$2000,">0")/I23,COUNTIFS(Historie!$A$2:$A$2000,A23,Historie!$E$2:$E$2000,"<>",Historie!$F$2:$F$2000,">0")/I23),0)) -> 0 | L23: =IF(OR(A23="",I23=0),"",IFERROR(DATEDIF(IF(AND(Parametry!$B$39="ANO",B23<>""),_xludf.minifs(Historie!$E$2:$E$2000,Historie!$A$2:$A$2000,A23,Historie!$B$2:$B$2000,B23,Historie!$E$2:$E$2000,"<>"),_xludf.minifs(Historie!$E$2:$E$2000,Historie!$A$2:$A$2000,A23,Historie!$E$2:$E$2000,"<>")),IF(AND(Parametry!$B$39="ANO",B23<>""),_xludf.maxifs(Historie!$E$2:$E$2000,Historie!$A$2:$A$2000,A23,Historie!$B$2:$B$2000,B23,Historie!$E$2:$E$2000,"<>"),_xludf.maxifs(Historie!$E$2:$E$2000,Historie!$A$2:$A$2000,A23,Historie!$E$2:$E$2000,"<>")),"M"),0)) | M23: =IF(A23="","",IFERROR(IF(AND(Parametry!$B$39="ANO",B23<>""),AVERAGEIFS(Historie!$C$2:$C$2000,Historie!$A$2:$A$2000,A23,Historie!$B$2:$B$2000,B23,Historie!$E$2:$E$2000,"<>"),AVERAGEIFS(Historie!$C$2:$C$2000,Historie!$A$2:$A$2000,A23,Historie!$E$2:$E$2000,"<>")),"")) | N23: =IF(F23="","",F23-TODAY()) | O23: =IF(OR(A23="",E23=""),"",IF(C23="Uhrazená","",N23)) | P23: =IF(OR(A23="",E23=""),"",IF(I23=0,"ANO","NE")) | Q23: =IF(OR(A23="",E23="",M23=0),"",IFERROR(E23/M23,"")) | R23: =IF(OR(A23="",E23=""),"",IF(I23>=Parametry!$B$4,Parametry!$B$9,0)) | S23: =IF(OR(A23="",E23=""),"",IF(I23>0,IF(J23<=Parametry!$B$5,Parametry!$B$10,0),0)) | T23: =IF(OR(A23="",E23=""),"",IF(I23>0,IF(K23<=Parametry!$B$6,Parametry!$B$11,0),0)) | U23: =IF(OR(A23="",E23=""),"",IF(L23>=Parametry!$B$7,Parametry!$B$12,0)) | V23: =IF(OR(A23="",E23=""),"",IF(M23>0,IF(Q23<=Parametry!$B$8,Parametry!$B$13,0),0)) | W23: =IF(OR(A23="",E23=""),"",IF(P23="ANO",Parametry!$B$14,0)) | X23: =IF(OR(A23="",E23=""),"",IF(G23="ANO",Parametry!$B$15,0)) | Y23: =IF(OR(A23="",E23=""),"",IF(H23="ANO",Parametry!$B$16,0)) | Z23: =IF(OR(A23="",E23=""),"",MAX(0,MIN(100,ROUND(AY23+AZ23+BA23+BB23,0)))) | AA23: =IF(Z23="","",IF(AW23="STOP","Stop",IF(AW23="MANUAL",IF(Z23>=Parametry!$B$19,"Watchlist","Stop"),IF(Z23>=Parametry!$B$17,"Nízké riziko",IF(Z23>=Parametry!$B$18,"Střední riziko",IF(Z23>=Parametry!$B$19,"Watchlist","Stop")))))) | AB23: =IF(AA23="","",MIN(IF(AA23="Nízké riziko",Parametry!$B$20,IF(AA23="Střední riziko",Parametry!$B$21,IF(AA23="Watchlist",Parametry!$B$22,Parametry!$B$23))),IFERROR(INDEX(Ciselniky!$H$3:$H$10,MATCH(AT23,Ciselniky!$F$3:$F$10,0)),0))) | AC23: =IF(AA23="","",IF(AA23="Stop",0,IF(AA23="Nízké riziko",Parametry!$B$24,IF(AA23="Střední riziko",Parametry!$B$25,IF(AA23="Watchlist",Parametry!$B$26,0)))+IFERROR(INDEX(Ciselniky!$I$3:$I$10,MATCH(AT23,Ciselniky!$F$3:$F$10,0)),0))) | AD23: =IF(AA23="","",IF(OR(AA23="Stop",AW23="STOP"),"Stop",IF(AW23="MANUAL","Pouze manuálně",IF(AA23="Nízké riziko","Financovat",IF(AA23="Střední riziko","Financovat s limitem",IF(AA23="Watchlist","Pouze manuálně","Stop")))))) | AE23: =E23 -> 0 | AF23: =SUMIF($A$6:$A$45,A23,$E$6:$E$45) -> 0 | AG23: =Parametry!$B$28 -> 5800000 | AH23: =IFERROR(AE23/AF23,"") | AI23: =IFERROR(AF23/Parametry!$B$28,"") -> 0 | AJ23: =IFERROR(AE23/Parametry!$B$28,"") -> 0 | AK23: =IF(OR(A23="",E23=""),"",MAX(0,100-IF(Parametry!$B$27="early",0.5,IF(Parametry!$B$27="growth",0.75,1))*(IF(AI23<=Parametry!$B$34,0,IF(AI23<=Parametry!$B$34+0.05,8,20))+IF(AH23<=Parametry!$B$35,0,12)+IF(AJ23<=Parametry!$B$36,0,12)))) | AL23: =IF(OR(A23="",E23=""),"",IF(Parametry!$B$27="early",IF(OR(AI23>Parametry!$B$34*1.2,AH23>Parametry!$B$35*1.3),"EARLY STAGE EXCEPTION","OK"),IF(Parametry!$B$27="growth",IF(OR(AI23>Parametry!$B$34*1.35,AH23>Parametry!$B$35*1.4),"RED FLAG","OK"),IF(OR(AI23>Parametry!$B$34*1.2,AH23>Parametry!$B$35*1.3),"RED FLAG","OK")))) | AM23: =IF(OR(A23="",E23=""),"",IF(COUNTIF($A$6:A23,A23)=1,AF23,"")) | AN23: =IF(A23="","",SUMPRODUCT(($A$6:$A$45=A23)*($E$6:$E$45)*((($C$6:$C$45="")+($C$6:$C$45="Otevřená"))>0))) | AO23: =IF(OR(B23="",A23=""),"",SUMPRODUCT(($B$6:$B$45=B23)*($E$6:$E$45)*((($C$6:$C$45="")+($C$6:$C$45="Otevřená"))>0))) | AP23: =IF(OR(A23="",E23=""),"",IF(C23="Uhrazená","",N23)) | AQ23: =IF(OR(A23="",E23=""),"",IF(OR(AW23="STOP",AA23="Stop"),5,IF(OR(G23="ANO",H23="ANO"),4,IF(AL23="RED FLAG",4,IF(OR(AW23="MANUAL",AA23="Watchlist"),3,IF(OR(AL23="EARLY STAGE EXCEPTION",AA23="Střední riziko"),2,IF(AA23="Nízké riziko",1,5))))))) | AR23: =IF(OR(A23="",E23=""),"",IF(OR(AQ23="",NOT(ISNUMBER(AQ23))),"",IF(AQ23=1,"Vhodné ke schválení",IF(AQ23=2,"Schválit s výhradou (koncentrace / early stage)",IF(AQ23=3,"Pouze manuálně - anchor rating / watchlist",IF(AQ23=4,"Zamítnout - spor, nesoulad nebo koncentrace",IF(AQ23=5,"STOP",""))))))) | AS23: =IF(A23="","",TEXT(Z23,"0") & " b | " & AA23 & " | " & AD23 & " | gate " & AW23 & " | rating " & AT23) | AT23: =IF(A23="","",IF(COUNTIF(Ciselniky!$L$3:$L$200,A23)=0,"NR",IF(INDEX(Ciselniky!$M$3:$M$200,MATCH(A23,Ciselniky!$L$3:$L$200,0))="","NR",INDEX(Ciselniky!$M$3:$M$200,MATCH(A23,Ciselniky!$L$3:$L$200,0))))) | AU23: =IF(A23="","",IF(AT23="NR","doplňit rating v Ciselniky",IFERROR(IF(INDEX(Ciselniky!$N$3:$N$200,MATCH(A23,Ciselniky!$L$3:$L$200,0))="","anchor master",INDEX(Ciselniky!$N$3:$N$200,MATCH(A23,Ciselniky!$L$3:$L$200,0))),"anchor master"))) | AV23: =IF(AT23="","",IFERROR(INDEX(Ciselniky!$G$3:$G$10,MATCH(AT23,Ciselniky!$F$3:$F$10,0)),0)) | AW23: =IF(AT23="","",IFERROR(INDEX(Ciselniky!$J$3:$J$10,MATCH(AT23,Ciselniky!$F$3:$F$10,0)),"MANUAL")) | AX23: =IF(OR(A23="",E23=""),"",MAX(0,MIN(100,SUM(R23:Y23)))) | AY23: =IF(OR(A23="",E23=""),"",AV23*Parametry!$B$41) | AZ23: =IF(OR(A23="",E23=""),"",AX23*Parametry!$B$42) | BA23: =IF(OR(A23="",E23=""),"",AK23*Parametry!$B$43) | BB23: =IF(OR(A23="",E23=""),"",IF(AW23="STOP",-100,IF(AT23="BB",Parametry!$B$47,IF(AT23="NR",Parametry!$B$48,0))))
I24: =IF(A24="","",IF(AND(Parametry!$B$39="ANO",B24<>""),COUNTIFS(Historie!$A$2:$A$2000,A24,Historie!$B$2:$B$2000,B24,Historie!$E$2:$E$2000,"<>"),COUNTIFS(Historie!$A$2:$A$2000,A24,Historie!$E$2:$E$2000,"<>"))) | J24: =IF(I24=0,"",IFERROR(IF(AND(Parametry!$B$39="ANO",B24<>""),AVERAGEIFS(Historie!$F$2:$F$2000,Historie!$A$2:$A$2000,A24,Historie!$B$2:$B$2000,B24,Historie!$E$2:$E$2000,"<>"),AVERAGEIFS(Historie!$F$2:$F$2000,Historie!$A$2:$A$2000,A24,Historie!$E$2:$E$2000,"<>")),"")) | K24: =IF(I24=0,"",IFERROR(IF(AND(Parametry!$B$39="ANO",B24<>""),COUNTIFS(Historie!$A$2:$A$2000,A24,Historie!$B$2:$B$2000,B24,Historie!$E$2:$E$2000,"<>",Historie!$F$2:$F$2000,">0")/I24,COUNTIFS(Historie!$A$2:$A$2000,A24,Historie!$E$2:$E$2000,"<>",Historie!$F$2:$F$2000,">0")/I24),0)) -> 0 | L24: =IF(OR(A24="",I24=0),"",IFERROR(DATEDIF(IF(AND(Parametry!$B$39="ANO",B24<>""),_xludf.minifs(Historie!$E$2:$E$2000,Historie!$A$2:$A$2000,A24,Historie!$B$2:$B$2000,B24,Historie!$E$2:$E$2000,"<>"),_xludf.minifs(Historie!$E$2:$E$2000,Historie!$A$2:$A$2000,A24,Historie!$E$2:$E$2000,"<>")),IF(AND(Parametry!$B$39="ANO",B24<>""),_xludf.maxifs(Historie!$E$2:$E$2000,Historie!$A$2:$A$2000,A24,Historie!$B$2:$B$2000,B24,Historie!$E$2:$E$2000,"<>"),_xludf.maxifs(Historie!$E$2:$E$2000,Historie!$A$2:$A$2000,A24,Historie!$E$2:$E$2000,"<>")),"M"),0)) | M24: =IF(A24="","",IFERROR(IF(AND(Parametry!$B$39="ANO",B24<>""),AVERAGEIFS(Historie!$C$2:$C$2000,Historie!$A$2:$A$2000,A24,Historie!$B$2:$B$2000,B24,Historie!$E$2:$E$2000,"<>"),AVERAGEIFS(Historie!$C$2:$C$2000,Historie!$A$2:$A$2000,A24,Historie!$E$2:$E$2000,"<>")),"")) | N24: =IF(F24="","",F24-TODAY()) | O24: =IF(OR(A24="",E24=""),"",IF(C24="Uhrazená","",N24)) | P24: =IF(OR(A24="",E24=""),"",IF(I24=0,"ANO","NE")) | Q24: =IF(OR(A24="",E24="",M24=0),"",IFERROR(E24/M24,"")) | R24: =IF(OR(A24="",E24=""),"",IF(I24>=Parametry!$B$4,Parametry!$B$9,0)) | S24: =IF(OR(A24="",E24=""),"",IF(I24>0,IF(J24<=Parametry!$B$5,Parametry!$B$10,0),0)) | T24: =IF(OR(A24="",E24=""),"",IF(I24>0,IF(K24<=Parametry!$B$6,Parametry!$B$11,0),0)) | U24: =IF(OR(A24="",E24=""),"",IF(L24>=Parametry!$B$7,Parametry!$B$12,0)) | V24: =IF(OR(A24="",E24=""),"",IF(M24>0,IF(Q24<=Parametry!$B$8,Parametry!$B$13,0),0)) | W24: =IF(OR(A24="",E24=""),"",IF(P24="ANO",Parametry!$B$14,0)) | X24: =IF(OR(A24="",E24=""),"",IF(G24="ANO",Parametry!$B$15,0)) | Y24: =IF(OR(A24="",E24=""),"",IF(H24="ANO",Parametry!$B$16,0)) | Z24: =IF(OR(A24="",E24=""),"",MAX(0,MIN(100,ROUND(AY24+AZ24+BA24+BB24,0)))) | AA24: =IF(Z24="","",IF(AW24="STOP","Stop",IF(AW24="MANUAL",IF(Z24>=Parametry!$B$19,"Watchlist","Stop"),IF(Z24>=Parametry!$B$17,"Nízké riziko",IF(Z24>=Parametry!$B$18,"Střední riziko",IF(Z24>=Parametry!$B$19,"Watchlist","Stop")))))) | AB24: =IF(AA24="","",MIN(IF(AA24="Nízké riziko",Parametry!$B$20,IF(AA24="Střední riziko",Parametry!$B$21,IF(AA24="Watchlist",Parametry!$B$22,Parametry!$B$23))),IFERROR(INDEX(Ciselniky!$H$3:$H$10,MATCH(AT24,Ciselniky!$F$3:$F$10,0)),0))) | AC24: =IF(AA24="","",IF(AA24="Stop",0,IF(AA24="Nízké riziko",Parametry!$B$24,IF(AA24="Střední riziko",Parametry!$B$25,IF(AA24="Watchlist",Parametry!$B$26,0)))+IFERROR(INDEX(Ciselniky!$I$3:$I$10,MATCH(AT24,Ciselniky!$F$3:$F$10,0)),0))) | AD24: =IF(AA24="","",IF(OR(AA24="Stop",AW24="STOP"),"Stop",IF(AW24="MANUAL","Pouze manuálně",IF(AA24="Nízké riziko","Financovat",IF(AA24="Střední riziko","Financovat s limitem",IF(AA24="Watchlist","Pouze manuálně","Stop")))))) | AE24: =E24 -> 0 | AF24: =SUMIF($A$6:$A$45,A24,$E$6:$E$45) -> 0 | AG24: =Parametry!$B$28 -> 5800000 | AH24: =IFERROR(AE24/AF24,"") | AI24: =IFERROR(AF24/Parametry!$B$28,"") -> 0 | AJ24: =IFERROR(AE24/Parametry!$B$28,"") -> 0 | AK24: =IF(OR(A24="",E24=""),"",MAX(0,100-IF(Parametry!$B$27="early",0.5,IF(Parametry!$B$27="growth",0.75,1))*(IF(AI24<=Parametry!$B$34,0,IF(AI24<=Parametry!$B$34+0.05,8,20))+IF(AH24<=Parametry!$B$35,0,12)+IF(AJ24<=Parametry!$B$36,0,12)))) | AL24: =IF(OR(A24="",E24=""),"",IF(Parametry!$B$27="early",IF(OR(AI24>Parametry!$B$34*1.2,AH24>Parametry!$B$35*1.3),"EARLY STAGE EXCEPTION","OK"),IF(Parametry!$B$27="growth",IF(OR(AI24>Parametry!$B$34*1.35,AH24>Parametry!$B$35*1.4),"RED FLAG","OK"),IF(OR(AI24>Parametry!$B$34*1.2,AH24>Parametry!$B$35*1.3),"RED FLAG","OK")))) | AM24: =IF(OR(A24="",E24=""),"",IF(COUNTIF($A$6:A24,A24)=1,AF24,"")) | AN24: =IF(A24="","",SUMPRODUCT(($A$6:$A$45=A24)*($E$6:$E$45)*((($C$6:$C$45="")+($C$6:$C$45="Otevřená"))>0))) | AO24: =IF(OR(B24="",A24=""),"",SUMPRODUCT(($B$6:$B$45=B24)*($E$6:$E$45)*((($C$6:$C$45="")+($C$6:$C$45="Otevřená"))>0))) | AP24: =IF(OR(A24="",E24=""),"",IF(C24="Uhrazená","",N24)) | AQ24: =IF(OR(A24="",E24=""),"",IF(OR(AW24="STOP",AA24="Stop"),5,IF(OR(G24="ANO",H24="ANO"),4,IF(AL24="RED FLAG",4,IF(OR(AW24="MANUAL",AA24="Watchlist"),3,IF(OR(AL24="EARLY STAGE EXCEPTION",AA24="Střední riziko"),2,IF(AA24="Nízké riziko",1,5))))))) | AR24: =IF(OR(A24="",E24=""),"",IF(OR(AQ24="",NOT(ISNUMBER(AQ24))),"",IF(AQ24=1,"Vhodné ke schválení",IF(AQ24=2,"Schválit s výhradou (koncentrace / early stage)",IF(AQ24=3,"Pouze manuálně - anchor rating / watchlist",IF(AQ24=4,"Zamítnout - spor, nesoulad nebo koncentrace",IF(AQ24=5,"STOP",""))))))) | AS24: =IF(A24="","",TEXT(Z24,"0") & " b | " & AA24 & " | " & AD24 & " | gate " & AW24 & " | rating " & AT24) | AT24: =IF(A24="","",IF(COUNTIF(Ciselniky!$L$3:$L$200,A24)=0,"NR",IF(INDEX(Ciselniky!$M$3:$M$200,MATCH(A24,Ciselniky!$L$3:$L$200,0))="","NR",INDEX(Ciselniky!$M$3:$M$200,MATCH(A24,Ciselniky!$L$3:$L$200,0))))) | AU24: =IF(A24="","",IF(AT24="NR","doplňit rating v Ciselniky",IFERROR(IF(INDEX(Ciselniky!$N$3:$N$200,MATCH(A24,Ciselniky!$L$3:$L$200,0))="","anchor master",INDEX(Ciselniky!$N$3:$N$200,MATCH(A24,Ciselniky!$L$3:$L$200,0))),"anchor master"))) | AV24: =IF(AT24="","",IFERROR(INDEX(Ciselniky!$G$3:$G$10,MATCH(AT24,Ciselniky!$F$3:$F$10,0)),0)) | AW24: =IF(AT24="","",IFERROR(INDEX(Ciselniky!$J$3:$J$10,MATCH(AT24,Ciselniky!$F$3:$F$10,0)),"MANUAL")) | AX24: =IF(OR(A24="",E24=""),"",MAX(0,MIN(100,SUM(R24:Y24)))) | AY24: =IF(OR(A24="",E24=""),"",AV24*Parametry!$B$41) | AZ24: =IF(OR(A24="",E24=""),"",AX24*Parametry!$B$42) | BA24: =IF(OR(A24="",E24=""),"",AK24*Parametry!$B$43) | BB24: =IF(OR(A24="",E24=""),"",IF(AW24="STOP",-100,IF(AT24="BB",Parametry!$B$47,IF(AT24="NR",Parametry!$B$48,0))))
I25: =IF(A25="","",IF(AND(Parametry!$B$39="ANO",B25<>""),COUNTIFS(Historie!$A$2:$A$2000,A25,Historie!$B$2:$B$2000,B25,Historie!$E$2:$E$2000,"<>"),COUNTIFS(Historie!$A$2:$A$2000,A25,Historie!$E$2:$E$2000,"<>"))) | J25: =IF(I25=0,"",IFERROR(IF(AND(Parametry!$B$39="ANO",B25<>""),AVERAGEIFS(Historie!$F$2:$F$2000,Historie!$A$2:$A$2000,A25,Historie!$B$2:$B$2000,B25,Historie!$E$2:$E$2000,"<>"),AVERAGEIFS(Historie!$F$2:$F$2000,Historie!$A$2:$A$2000,A25,Historie!$E$2:$E$2000,"<>")),"")) | K25: =IF(I25=0,"",IFERROR(IF(AND(Parametry!$B$39="ANO",B25<>""),COUNTIFS(Historie!$A$2:$A$2000,A25,Historie!$B$2:$B$2000,B25,Historie!$E$2:$E$2000,"<>",Historie!$F$2:$F$2000,">0")/I25,COUNTIFS(Historie!$A$2:$A$2000,A25,Historie!$E$2:$E$2000,"<>",Historie!$F$2:$F$2000,">0")/I25),0)) -> 0 | L25: =IF(OR(A25="",I25=0),"",IFERROR(DATEDIF(IF(AND(Parametry!$B$39="ANO",B25<>""),_xludf.minifs(Historie!$E$2:$E$2000,Historie!$A$2:$A$2000,A25,Historie!$B$2:$B$2000,B25,Historie!$E$2:$E$2000,"<>"),_xludf.minifs(Historie!$E$2:$E$2000,Historie!$A$2:$A$2000,A25,Historie!$E$2:$E$2000,"<>")),IF(AND(Parametry!$B$39="ANO",B25<>""),_xludf.maxifs(Historie!$E$2:$E$2000,Historie!$A$2:$A$2000,A25,Historie!$B$2:$B$2000,B25,Historie!$E$2:$E$2000,"<>"),_xludf.maxifs(Historie!$E$2:$E$2000,Historie!$A$2:$A$2000,A25,Historie!$E$2:$E$2000,"<>")),"M"),0)) | M25: =IF(A25="","",IFERROR(IF(AND(Parametry!$B$39="ANO",B25<>""),AVERAGEIFS(Historie!$C$2:$C$2000,Historie!$A$2:$A$2000,A25,Historie!$B$2:$B$2000,B25,Historie!$E$2:$E$2000,"<>"),AVERAGEIFS(Historie!$C$2:$C$2000,Historie!$A$2:$A$2000,A25,Historie!$E$2:$E$2000,"<>")),"")) | N25: =IF(F25="","",F25-TODAY()) | O25: =IF(OR(A25="",E25=""),"",IF(C25="Uhrazená","",N25)) | P25: =IF(OR(A25="",E25=""),"",IF(I25=0,"ANO","NE")) | Q25: =IF(OR(A25="",E25="",M25=0),"",IFERROR(E25/M25,"")) | R25: =IF(OR(A25="",E25=""),"",IF(I25>=Parametry!$B$4,Parametry!$B$9,0)) | S25: =IF(OR(A25="",E25=""),"",IF(I25>0,IF(J25<=Parametry!$B$5,Parametry!$B$10,0),0)) | T25: =IF(OR(A25="",E25=""),"",IF(I25>0,IF(K25<=Parametry!$B$6,Parametry!$B$11,0),0)) | U25: =IF(OR(A25="",E25=""),"",IF(L25>=Parametry!$B$7,Parametry!$B$12,0)) | V25: =IF(OR(A25="",E25=""),"",IF(M25>0,IF(Q25<=Parametry!$B$8,Parametry!$B$13,0),0)) | W25: =IF(OR(A25="",E25=""),"",IF(P25="ANO",Parametry!$B$14,0)) | X25: =IF(OR(A25="",E25=""),"",IF(G25="ANO",Parametry!$B$15,0)) | Y25: =IF(OR(A25="",E25=""),"",IF(H25="ANO",Parametry!$B$16,0)) | Z25: =IF(OR(A25="",E25=""),"",MAX(0,MIN(100,ROUND(AY25+AZ25+BA25+BB25,0)))) | AA25: =IF(Z25="","",IF(AW25="STOP","Stop",IF(AW25="MANUAL",IF(Z25>=Parametry!$B$19,"Watchlist","Stop"),IF(Z25>=Parametry!$B$17,"Nízké riziko",IF(Z25>=Parametry!$B$18,"Střední riziko",IF(Z25>=Parametry!$B$19,"Watchlist","Stop")))))) | AB25: =IF(AA25="","",MIN(IF(AA25="Nízké riziko",Parametry!$B$20,IF(AA25="Střední riziko",Parametry!$B$21,IF(AA25="Watchlist",Parametry!$B$22,Parametry!$B$23))),IFERROR(INDEX(Ciselniky!$H$3:$H$10,MATCH(AT25,Ciselniky!$F$3:$F$10,0)),0))) | AC25: =IF(AA25="","",IF(AA25="Stop",0,IF(AA25="Nízké riziko",Parametry!$B$24,IF(AA25="Střední riziko",Parametry!$B$25,IF(AA25="Watchlist",Parametry!$B$26,0)))+IFERROR(INDEX(Ciselniky!$I$3:$I$10,MATCH(AT25,Ciselniky!$F$3:$F$10,0)),0))) | AD25: =IF(AA25="","",IF(OR(AA25="Stop",AW25="STOP"),"Stop",IF(AW25="MANUAL","Pouze manuálně",IF(AA25="Nízké riziko","Financovat",IF(AA25="Střední riziko","Financovat s limitem",IF(AA25="Watchlist","Pouze manuálně","Stop")))))) | AE25: =E25 -> 0 | AF25: =SUMIF($A$6:$A$45,A25,$E$6:$E$45) -> 0 | AG25: =Parametry!$B$28 -> 5800000 | AH25: =IFERROR(AE25/AF25,"") | AI25: =IFERROR(AF25/Parametry!$B$28,"") -> 0 | AJ25: =IFERROR(AE25/Parametry!$B$28,"") -> 0 | AK25: =IF(OR(A25="",E25=""),"",MAX(0,100-IF(Parametry!$B$27="early",0.5,IF(Parametry!$B$27="growth",0.75,1))*(IF(AI25<=Parametry!$B$34,0,IF(AI25<=Parametry!$B$34+0.05,8,20))+IF(AH25<=Parametry!$B$35,0,12)+IF(AJ25<=Parametry!$B$36,0,12)))) | AL25: =IF(OR(A25="",E25=""),"",IF(Parametry!$B$27="early",IF(OR(AI25>Parametry!$B$34*1.2,AH25>Parametry!$B$35*1.3),"EARLY STAGE EXCEPTION","OK"),IF(Parametry!$B$27="growth",IF(OR(AI25>Parametry!$B$34*1.35,AH25>Parametry!$B$35*1.4),"RED FLAG","OK"),IF(OR(AI25>Parametry!$B$34*1.2,AH25>Parametry!$B$35*1.3),"RED FLAG","OK")))) | AM25: =IF(OR(A25="",E25=""),"",IF(COUNTIF($A$6:A25,A25)=1,AF25,"")) | AN25: =IF(A25="","",SUMPRODUCT(($A$6:$A$45=A25)*($E$6:$E$45)*((($C$6:$C$45="")+($C$6:$C$45="Otevřená"))>0))) | AO25: =IF(OR(B25="",A25=""),"",SUMPRODUCT(($B$6:$B$45=B25)*($E$6:$E$45)*((($C$6:$C$45="")+($C$6:$C$45="Otevřená"))>0))) | AP25: =IF(OR(A25="",E25=""),"",IF(C25="Uhrazená","",N25)) | AQ25: =IF(OR(A25="",E25=""),"",IF(OR(AW25="STOP",AA25="Stop"),5,IF(OR(G25="ANO",H25="ANO"),4,IF(AL25="RED FLAG",4,IF(OR(AW25="MANUAL",AA25="Watchlist"),3,IF(OR(AL25="EARLY STAGE EXCEPTION",AA25="Střední riziko"),2,IF(AA25="Nízké riziko",1,5))))))) | AR25: =IF(OR(A25="",E25=""),"",IF(OR(AQ25="",NOT(ISNUMBER(AQ25))),"",IF(AQ25=1,"Vhodné ke schválení",IF(AQ25=2,"Schválit s výhradou (koncentrace / early stage)",IF(AQ25=3,"Pouze manuálně - anchor rating / watchlist",IF(AQ25=4,"Zamítnout - spor, nesoulad nebo koncentrace",IF(AQ25=5,"STOP",""))))))) | AS25: =IF(A25="","",TEXT(Z25,"0") & " b | " & AA25 & " | " & AD25 & " | gate " & AW25 & " | rating " & AT25) | AT25: =IF(A25="","",IF(COUNTIF(Ciselniky!$L$3:$L$200,A25)=0,"NR",IF(INDEX(Ciselniky!$M$3:$M$200,MATCH(A25,Ciselniky!$L$3:$L$200,0))="","NR",INDEX(Ciselniky!$M$3:$M$200,MATCH(A25,Ciselniky!$L$3:$L$200,0))))) | AU25: =IF(A25="","",IF(AT25="NR","doplňit rating v Ciselniky",IFERROR(IF(INDEX(Ciselniky!$N$3:$N$200,MATCH(A25,Ciselniky!$L$3:$L$200,0))="","anchor master",INDEX(Ciselniky!$N$3:$N$200,MATCH(A25,Ciselniky!$L$3:$L$200,0))),"anchor master"))) | AV25: =IF(AT25="","",IFERROR(INDEX(Ciselniky!$G$3:$G$10,MATCH(AT25,Ciselniky!$F$3:$F$10,0)),0)) | AW25: =IF(AT25="","",IFERROR(INDEX(Ciselniky!$J$3:$J$10,MATCH(AT25,Ciselniky!$F$3:$F$10,0)),"MANUAL")) | AX25: =IF(OR(A25="",E25=""),"",MAX(0,MIN(100,SUM(R25:Y25)))) | AY25: =IF(OR(A25="",E25=""),"",AV25*Parametry!$B$41) | AZ25: =IF(OR(A25="",E25=""),"",AX25*Parametry!$B$42) | BA25: =IF(OR(A25="",E25=""),"",AK25*Parametry!$B$43) | BB25: =IF(OR(A25="",E25=""),"",IF(AW25="STOP",-100,IF(AT25="BB",Parametry!$B$47,IF(AT25="NR",Parametry!$B$48,0))))
... I45: =IF(A45="","",IF(AND(Parametry!$B$39="ANO",B45<>""),COUNTIFS(Historie!$A$2:$A$2000,A45,Historie!$B$2:$B$2000,B45,Historie!$E$2:$E$2000,"<>"),COUNTIFS(Historie!$A$2:$A$2000,A45,Historie!$E$2:$E$2000,"<>"))) | J45: =IF(I45=0,"",IFERROR(IF(AND(Parametry!$B$39="ANO",B45<>""),AVERAGEIFS(Historie!$F$2:$F$2000,Historie!$A$2:$A$2000,A45,Historie!$B$2:$B$2000,B45,Historie!$E$2:$E$2000,"<>"),AVERAGEIFS(Historie!$F$2:$F$2000,Historie!$A$2:$A$2000,A45,Historie!$E$2:$E$2000,"<>")),"")) | K45: =IF(I45=0,"",IFERROR(IF(AND(Parametry!$B$39="ANO",B45<>""),COUNTIFS(Historie!$A$2:$A$2000,A45,Historie!$B$2:$B$2000,B45,Historie!$E$2:$E$2000,"<>",Historie!$F$2:$F$2000,">0")/I45,COUNTIFS(Historie!$A$2:$A$2000,A45,Historie!$E$2:$E$2000,"<>",Historie!$F$2:$F$2000,">0")/I45),0)) -> 0 | L45: =IF(OR(A45="",I45=0),"",IFERROR(DATEDIF(IF(AND(Parametry!$B$39="ANO",B45<>""),_xludf.minifs(Historie!$E$2:$E$2000,Historie!$A$2:$A$2000,A45,Historie!$B$2:$B$2000,B45,Historie!$E$2:$E$2000,"<>"),_xludf.minifs(Historie!$E$2:$E$2000,Historie!$A$2:$A$2000,A45,Historie!$E$2:$E$2000,"<>")),IF(AND(Parametry!$B$39="ANO",B45<>""),_xludf.maxifs(Historie!$E$2:$E$2000,Historie!$A$2:$A$2000,A45,Historie!$B$2:$B$2000,B45,Historie!$E$2:$E$2000,"<>"),_xludf.maxifs(Historie!$E$2:$E$2000,Historie!$A$2:$A$2000,A45,Historie!$E$2:$E$2000,"<>")),"M"),0)) | M45: =IF(A45="","",IFERROR(IF(AND(Parametry!$B$39="ANO",B45<>""),AVERAGEIFS(Historie!$C$2:$C$2000,Historie!$A$2:$A$2000,A45,Historie!$B$2:$B$2000,B45,Historie!$E$2:$E$2000,"<>"),AVERAGEIFS(Historie!$C$2:$C$2000,Historie!$A$2:$A$2000,A45,Historie!$E$2:$E$2000,"<>")),"")) | N45: =IF(F45="","",F45-TODAY()) | O45: =IF(OR(A45="",E45=""),"",IF(C45="Uhrazená","",N45)) | P45: =IF(OR(A45="",E45=""),"",IF(I45=0,"ANO","NE")) | Q45: =IF(OR(A45="",E45="",M45=0),"",IFERROR(E45/M45,"")) | R45: =IF(OR(A45="",E45=""),"",IF(I45>=Parametry!$B$4,Parametry!$B$9,0)) | S45: =IF(OR(A45="",E45=""),"",IF(I45>0,IF(J45<=Parametry!$B$5,Parametry!$B$10,0),0)) | T45: =IF(OR(A45="",E45=""),"",IF(I45>0,IF(K45<=Parametry!$B$6,Parametry!$B$11,0),0)) | U45: =IF(OR(A45="",E45=""),"",IF(L45>=Parametry!$B$7,Parametry!$B$12,0)) | V45: =IF(OR(A45="",E45=""),"",IF(M45>0,IF(Q45<=Parametry!$B$8,Parametry!$B$13,0),0)) | W45: =IF(OR(A45="",E45=""),"",IF(P45="ANO",Parametry!$B$14,0)) | X45: =IF(OR(A45="",E45=""),"",IF(G45="ANO",Parametry!$B$15,0)) | Y45: =IF(OR(A45="",E45=""),"",IF(H45="ANO",Parametry!$B$16,0)) | Z45: =IF(OR(A45="",E45=""),"",MAX(0,MIN(100,ROUND(AY45+AZ45+BA45+BB45,0)))) | AA45: =IF(Z45="","",IF(AW45="STOP","Stop",IF(AW45="MANUAL",IF(Z45>=Parametry!$B$19,"Watchlist","Stop"),IF(Z45>=Parametry!$B$17,"Nízké riziko",IF(Z45>=Parametry!$B$18,"Střední riziko",IF(Z45>=Parametry!$B$19,"Watchlist","Stop")))))) | AB45: =IF(AA45="","",MIN(IF(AA45="Nízké riziko",Parametry!$B$20,IF(AA45="Střední riziko",Parametry!$B$21,IF(AA45="Watchlist",Parametry!$B$22,Parametry!$B$23))),IFERROR(INDEX(Ciselniky!$H$3:$H$10,MATCH(AT45,Ciselniky!$F$3:$F$10,0)),0))) | AC45: =IF(AA45="","",IF(AA45="Stop",0,IF(AA45="Nízké riziko",Parametry!$B$24,IF(AA45="Střední riziko",Parametry!$B$25,IF(AA45="Watchlist",Parametry!$B$26,0)))+IFERROR(INDEX(Ciselniky!$I$3:$I$10,MATCH(AT45,Ciselniky!$F$3:$F$10,0)),0))) | AD45: =IF(AA45="","",IF(OR(AA45="Stop",AW45="STOP"),"Stop",IF(AW45="MANUAL","Pouze manuálně",IF(AA45="Nízké riziko","Financovat",IF(AA45="Střední riziko","Financovat s limitem",IF(AA45="Watchlist","Pouze manuálně","Stop")))))) | AE45: =E45 -> 0 | AF45: =SUMIF($A$6:$A$45,A45,$E$6:$E$45) -> 0 | AG45: =Parametry!$B$28 -> 5800000 | AH45: =IFERROR(AE45/AF45,"") | AI45: =IFERROR(AF45/Parametry!$B$28,"") -> 0 | AJ45: =IFERROR(AE45/Parametry!$B$28,"") -> 0 | AK45: =IF(OR(A45="",E45=""),"",MAX(0,100-IF(Parametry!$B$27="early",0.5,IF(Parametry!$B$27="growth",0.75,1))*(IF(AI45<=Parametry!$B$34,0,IF(AI45<=Parametry!$B$34+0.05,8,20))+IF(AH45<=Parametry!$B$35,0,12)+IF(AJ45<=Parametry!$B$36,0,12)))) | AL45: =IF(OR(A45="",E45=""),"",IF(Parametry!$B$27="early",IF(OR(AI45>Parametry!$B$34*1.2,AH45>Parametry!$B$35*1.3),"EARLY STAGE EXCEPTION","OK"),IF(Parametry!$B$27="growth",IF(OR(AI45>Parametry!$B$34*1.35,AH45>Parametry!$B$35*1.4),"RED FLAG","OK"),IF(OR(AI45>Parametry!$B$34*1.2,AH45>Parametry!$B$35*1.3),"RED FLAG","OK")))) | AM45: =IF(OR(A45="",E45=""),"",IF(COUNTIF($A$6:A45,A45)=1,AF45,"")) | AN45: =IF(A45="","",SUMPRODUCT(($A$6:$A$45=A45)*($E$6:$E$45)*((($C$6:$C$45="")+($C$6:$C$45="Otevřená"))>0))) | AO45: =IF(OR(B45="",A45=""),"",SUMPRODUCT(($B$6:$B$45=B45)*($E$6:$E$45)*((($C$6:$C$45="")+($C$6:$C$45="Otevřená"))>0))) | AP45: =IF(OR(A45="",E45=""),"",IF(C45="Uhrazená","",N45)) | AQ45: =IF(OR(A45="",E45=""),"",IF(OR(AW45="STOP",AA45="Stop"),5,IF(OR(G45="ANO",H45="ANO"),4,IF(AL45="RED FLAG",4,IF(OR(AW45="MANUAL",AA45="Watchlist"),3,IF(OR(AL45="EARLY STAGE EXCEPTION",AA45="Střední riziko"),2,IF(AA45="Nízké riziko",1,5))))))) | AR45: =IF(OR(A45="",E45=""),"",IF(OR(AQ45="",NOT(ISNUMBER(AQ45))),"",IF(AQ45=1,"Vhodné ke schválení",IF(AQ45=2,"Schválit s výhradou (koncentrace / early stage)",IF(AQ45=3,"Pouze manuálně - anchor rating / watchlist",IF(AQ45=4,"Zamítnout - spor, nesoulad nebo koncentrace",IF(AQ45=5,"STOP",""))))))) | AS45: =IF(A45="","",TEXT(Z45,"0") & " b | " & AA45 & " | " & AD45 & " | gate " & AW45 & " | rating " & AT45) | AT45: =IF(A45="","",IF(COUNTIF(Ciselniky!$L$3:$L$200,A45)=0,"NR",IF(INDEX(Ciselniky!$M$3:$M$200,MATCH(A45,Ciselniky!$L$3:$L$200,0))="","NR",INDEX(Ciselniky!$M$3:$M$200,MATCH(A45,Ciselniky!$L$3:$L$200,0))))) | AU45: =IF(A45="","",IF(AT45="NR","doplňit rating v Ciselniky",IFERROR(IF(INDEX(Ciselniky!$N$3:$N$200,MATCH(A45,Ciselniky!$L$3:$L$200,0))="","anchor master",INDEX(Ciselniky!$N$3:$N$200,MATCH(A45,Ciselniky!$L$3:$L$200,0))),"anchor master"))) | AV45: =IF(AT45="","",IFERROR(INDEX(Ciselniky!$G$3:$G$10,MATCH(AT45,Ciselniky!$F$3:$F$10,0)),0)) | AW45: =IF(AT45="","",IFERROR(INDEX(Ciselniky!$J$3:$J$10,MATCH(AT45,Ciselniky!$F$3:$F$10,0)),"MANUAL")) | AX45: =IF(OR(A45="",E45=""),"",MAX(0,MIN(100,SUM(R45:Y45)))) | AY45: =IF(OR(A45="",E45=""),"",AV45*Parametry!$B$41) | AZ45: =IF(OR(A45="",E45=""),"",AX45*Parametry!$B$42) | BA45: =IF(OR(A45="",E45=""),"",AK45*Parametry!$B$43) | BB45: =IF(OR(A45="",E45=""),"",IF(AW45="STOP",-100,IF(AT45="BB",Parametry!$B$47,IF(AT45="NR",Parametry!$B$48,0))))

Sheet Parametry
A1: Parametry modelu — konstanty pro výpočty (odkazuje je list Scoring)
A3: Parametr | B3: Hodnota | C3: Komentář
A4: Min. počet uhrazených faktur | B4: 5 | C4: Aby anchor dostal plný history score
A5: Max. průměrné zpoždění (dny) | B5: 10 | C5: Pod tímto limitem dostane plné delay score
A6: Max. podíl pozdních faktur | B6: 0.2 | C6: Při <= 20 % pozdních faktur je volatilita OK
A7: Min. délka vztahu (měsíce) | B7: 3 | C7: Stabilní vztah supplier-anchor
A8: Max. poměr aktuální / historické faktury | B8: 1.5 | C8: Skok objemu nad limit = bez volume bonusu
A9: Body: historie | B9: 40 | C9: Počet uhrazených faktur
A10: Body: průměrné zpoždění | B10: 20 | C10: Anchor platí relativně včas
A11: Body: nízká volatilita | B11: 15 | C11: Pozdní faktury nejsou časté
A12: Body: délka vztahu | B12: 15 | C12: Opakovaný obchodní vztah
A13: Body: stabilní objem | B13: 10 | C13: Aktuální faktura není extrémní outlier
A14: Penalizace: nový anchor | B14: -30 | C14: Pokud dosud není žádná uhrazená faktura
A15: Penalizace: nesoulad dat | B15: -20 | C15: Mismatch v datech / dokumentech
... A26: Fee %: watchlist | B26: 0.06 | C26: Indikativní fee
A27: Fáze portfolia (portfolio_stage) | B27: early | C27: early | growth | mature — fáze portfolia (řídí limity a přísnost flagu)
A28: Celková expozice portfolia (Kč) — dopočet | B28: =SUM(Scoring!E6:E45) -> 5800000 | C28: Součet všech částek (Kč) — globální denominátor
A29: — Tabulka limitů koncentrace (viz řádky 30–33) —
A30: Fáze (stage) | B30: Max. podíl anchoru v portfoliu | C30: Max. podíl dodavatele v rámci anchoru | D30: Max. podíl dodavatele v portfoliu
A31: early | B31: 0.4 | C31: 0.35 | D31: 0.2
A32: growth | B32: 0.25 | C32: 0.25 | D32: 0.12
A33: mature | B33: 0.15 | C33: 0.2 | D33: 0.08
A34: Aktivní limit: max. anchor v portfoliu | B34: =IFERROR(INDEX($B$31:$B$33,MATCH($B$27,$A$31:$A$33,0)),0.15) -> 0.4
A35: Aktivní limit: dodavatel / anchor | B35: =IFERROR(INDEX($C$31:$C$33,MATCH($B$27,$A$31:$A$33,0)),0.2) -> 0.35
A36: Aktivní limit: dodavatel / portfolio | B36: =IFERROR(INDEX($D$31:$D$33,MATCH($B$27,$A$31:$A$33,0)),0.08) -> 0.2
A39: Historie: filtrovat i podle dodavatele (sl. AH) | B39: NE | C39: ANO = agreguj jen řádky Historie kde Dodavatel = Scoring!AH
A40: Anchor-centric overlay — rating anchora má prioritu | C40: Nové váhy a gate pro anchor-first schvalování
A41: Váha: anchor rating | B41: 0.6 | C41: Hlavní driver rozhodnutí
A42: Váha: behavior anchora | B42: 0.25 | C42: Platební historie a kvalita chování anchoru
A43: Váha: koncentrace | B43: 0.15 | C43: Portfolio limity a koncentrace
A44: Min. rating pro standard financování | B44: BBB | C44: BBB a lepší může projít standardně
A45: Rating pouze manuálně | B45: BB / NR | C45: BB nebo bez ratingu = jen manuální schválení
A46: Rating STOP | B46: B a horší | C46: B / CCC = automatický stop
A47: Penalty: BB | B47: -15 | C47: Slabý anchor = stlačí score do watchlistu / manual
A48: Penalty: NR | B48: -10 | C48: Chybějící rating = manuální review

Sheet Ciselniky
A1: Anchor (povolené hodnoty) | B1: Dodavatel (povolené hodnoty) | D1: Stav pohledávky | F1: Anchor rating — mapování | L1: Anchor master — doplň rating anchora
A2: Anchor A | B2: Dodavatel A | D2: Otevřená | F2: Rating | G2: Score | H2: Max advance % | I2: Fee premium | J2: Gate | L2: Anchor | M2: Rating | N2: Zdroj / pozn.
A3: Anchor B | B3: Dodavatel B | D3: Uhrazená | F3: AAA | G3: 100 | H3: 0.9 | I3: 0 | J3: OK | L3: Anchor A | M3: A | N3: demo / upravit
A4: Anchor C | B4: Dodavatel C | D4: Overdue | F4: AA | G4: 90 | H4: 0.9 | I4: 0 | J4: OK | L4: Anchor B | M4: BB | N4: demo / upravit
A5: Maersk | B5: AVS | F5: A | G5: 80 | H5: 0.85 | I5: 0.005 | J5: OK | L5: Anchor C | M5: BBB | N5: demo / upravit
A6: Tesco | B6: Bruggy | F6: BBB | G6: 65 | H6: 0.75 | I6: 0.01 | J6: OK | L6: Maersk | M6: AA | N6: doplňte interní / externí rating
F7: BB | G7: 45 | H7: 0.55 | I7: 0.02 | J7: MANUAL | L7: Tesco | M7: A | N7: doplňte interní / externí rating
F8: B | G8: 25 | H8: 0 | I8: 0.03 | J8: STOP
F9: CCC | G9: 10 | H9: 0 | I9: 0.04 | J9: STOP
F10: NR | G10: 35 | H10: 0.5 | I10: 0.025 | J10: MANUAL | L10: Pozn.: rating má být interní / externí rating anchoru. Pokud chybí, model bere NR a posouvá deal na manuální review.

Sheet Historie
A1: Anchor | B1: Dodavatel (volitelné) | C1: Částka faktury (Kč) | D1: Datum splatnosti | E1: Datum úhrady | F1: Zpoždění (dny) | G1: Pozdní? | H1: Nesoulad? | I1: Spor? | K1: Přenos ze Scoring (stav = Uhrazená) — zkopírujte řádek do tabulky vlevo jako hodnoty
A2: Anchor A | B2: Dodavatel A | C2: 900000 | D2: 44941 | E2: 44941 | F2: =IF(OR(D2="",E2=""),"",E2-D2) -> 0 | G2: =IF(F2="","",IF(F2>0,"ANO","NE")) -> NE | H2: NE | I2: NE
A3: Anchor A | B3: Dodavatel A | C3: 915000 | D3: 44971 | E3: 44976 | F3: =IF(OR(D3="",E3=""),"",E3-D3) -> 5 | G3: =IF(F3="","",IF(F3>0,"ANO","NE")) -> ANO | H3: NE | I3: NE
A4: Anchor A | B4: Dodavatel A | C4: 930000 | D4: 45001 | E4: 45006 | F4: =IF(OR(D4="",E4=""),"",E4-D4) -> 5 | G4: =IF(F4="","",IF(F4>0,"ANO","NE")) -> ANO | H4: NE | I4: NE
A5: Anchor A | B5: Dodavatel A | C5: 945000 | D5: 45031 | E5: 45031 | F5: =IF(OR(D5="",E5=""),"",E5-D5) -> 0 | G5: =IF(F5="","",IF(F5>0,"ANO","NE")) -> NE | H5: NE | I5: NE | K5: Anchor | L5: Dodavatel | M5: Deal ID | N5: Částka | O5: Datum splatnosti | P5: Datum úhrady (návrh)
A6: Anchor A | B6: Dodavatel A | C6: 960000 | D6: 45061 | E6: 45066 | F6: =IF(OR(D6="",E6=""),"",E6-D6) -> 5 | G6: =IF(F6="","",IF(F6>0,"ANO","NE")) -> ANO | H6: NE | I6: NE | K6: =IF(Scoring!$C6="Uhrazená",Scoring!$A6,"") | L6: =IF(Scoring!$C6="Uhrazená",Scoring!$B6,"") | M6: =IF(Scoring!$C6="Uhrazená",Scoring!$D6,"") | N6: =IF(Scoring!$C6="Uhrazená",Scoring!$E6,"") | O6: =IF(Scoring!$C6="Uhrazená",Scoring!$F6,"") | P6: =IF(Scoring!$C6="Uhrazená",TODAY(),"")
A7: Anchor A | B7: Dodavatel A | C7: 975000 | D7: 45091 | E7: 45096 | F7: =IF(OR(D7="",E7=""),"",E7-D7) -> 5 | G7: =IF(F7="","",IF(F7>0,"ANO","NE")) -> ANO | H7: NE | I7: NE | K7: =IF(Scoring!$C7="Uhrazená",Scoring!$A7,"") | L7: =IF(Scoring!$C7="Uhrazená",Scoring!$B7,"") | M7: =IF(Scoring!$C7="Uhrazená",Scoring!$D7,"") | N7: =IF(Scoring!$C7="Uhrazená",Scoring!$E7,"") | O7: =IF(Scoring!$C7="Uhrazená",Scoring!$F7,"") | P7: =IF(Scoring!$C7="Uhrazená",TODAY(),"")
A8: Anchor A | B8: Dodavatel A | C8: 990000 | D8: 45121 | E8: 45121 | F8: =IF(OR(D8="",E8=""),"",E8-D8) -> 0 | G8: =IF(F8="","",IF(F8>0,"ANO","NE")) -> NE | H8: NE | I8: NE | K8: =IF(Scoring!$C8="Uhrazená",Scoring!$A8,"") -> Anchor C | L8: =IF(Scoring!$C8="Uhrazená",Scoring!$B8,"") -> Dodavatel C | M8: =IF(Scoring!$C8="Uhrazená",Scoring!$D8,"") -> D003 | N8: =IF(Scoring!$C8="Uhrazená",Scoring!$E8,"") -> 200000 | O8: =IF(Scoring!$C8="Uhrazená",Scoring!$F8,"") -> 46183 | P8: =IF(Scoring!$C8="Uhrazená",TODAY(),"") -> 46120
A9: Anchor A | B9: Dodavatel A | C9: 1005000 | D9: 45151 | E9: 45156 | F9: =IF(OR(D9="",E9=""),"",E9-D9) -> 5 | G9: =IF(F9="","",IF(F9>0,"ANO","NE")) -> ANO | H9: NE | I9: NE | K9: =IF(Scoring!$C9="Uhrazená",Scoring!$A9,"") | L9: =IF(Scoring!$C9="Uhrazená",Scoring!$B9,"") | M9: =IF(Scoring!$C9="Uhrazená",Scoring!$D9,"") | N9: =IF(Scoring!$C9="Uhrazená",Scoring!$E9,"") | O9: =IF(Scoring!$C9="Uhrazená",Scoring!$F9,"") | P9: =IF(Scoring!$C9="Uhrazená",TODAY(),"")
A10: Anchor A | B10: Dodavatel A | C10: 1020000 | D10: 45181 | E10: 45186 | F10: =IF(OR(D10="",E10=""),"",E10-D10) -> 5 | G10: =IF(F10="","",IF(F10>0,"ANO","NE")) -> ANO | H10: NE | I10: NE | K10: =IF(Scoring!$C10="Uhrazená",Scoring!$A10,"") -> Maersk | L10: =IF(Scoring!$C10="Uhrazená",Scoring!$B10,"") -> AVS | M10: =IF(Scoring!$C10="Uhrazená",Scoring!$D10,"") -> D005 | N10: =IF(Scoring!$C10="Uhrazená",Scoring!$E10,"") -> 200000 | O10: =IF(Scoring!$C10="Uhrazená",Scoring!$F10,"") -> 46183 | P10: =IF(Scoring!$C10="Uhrazená",TODAY(),"") -> 46120
A11: Anchor A | B11: Dodavatel A | C11: 1035000 | D11: 45211 | E11: 45211 | F11: =IF(OR(D11="",E11=""),"",E11-D11) -> 0 | G11: =IF(F11="","",IF(F11>0,"ANO","NE")) -> NE | H11: NE | I11: NE | K11: =IF(Scoring!$C11="Uhrazená",Scoring!$A11,"") | L11: =IF(Scoring!$C11="Uhrazená",Scoring!$B11,"") | M11: =IF(Scoring!$C11="Uhrazená",Scoring!$D11,"") | N11: =IF(Scoring!$C11="Uhrazená",Scoring!$E11,"") | O11: =IF(Scoring!$C11="Uhrazená",Scoring!$F11,"") | P11: =IF(Scoring!$C11="Uhrazená",TODAY(),"")
A12: Anchor A | B12: Dodavatel A | C12: 1050000 | D12: 45241 | E12: 45246 | F12: =IF(OR(D12="",E12=""),"",E12-D12) -> 5 | G12: =IF(F12="","",IF(F12>0,"ANO","NE")) -> ANO | H12: NE | I12: NE | K12: =IF(Scoring!$C12="Uhrazená",Scoring!$A12,"") -> Maersk | L12: =IF(Scoring!$C12="Uhrazená",Scoring!$B12,"") -> AVS | M12: =IF(Scoring!$C12="Uhrazená",Scoring!$D12,"") -> D007 | N12: =IF(Scoring!$C12="Uhrazená",Scoring!$E12,"") -> 200000 | O12: =IF(Scoring!$C12="Uhrazená",Scoring!$F12,"") -> 46183 | P12: =IF(Scoring!$C12="Uhrazená",TODAY(),"") -> 46120
A13: Anchor A | B13: Dodavatel A | C13: 1065000 | D13: 45271 | E13: 45276 | F13: =IF(OR(D13="",E13=""),"",E13-D13) -> 5 | G13: =IF(F13="","",IF(F13>0,"ANO","NE")) -> ANO | H13: NE | I13: NE | K13: =IF(Scoring!$C13="Uhrazená",Scoring!$A13,"") | L13: =IF(Scoring!$C13="Uhrazená",Scoring!$B13,"") | M13: =IF(Scoring!$C13="Uhrazená",Scoring!$D13,"") | N13: =IF(Scoring!$C13="Uhrazená",Scoring!$E13,"") | O13: =IF(Scoring!$C13="Uhrazená",Scoring!$F13,"") | P13: =IF(Scoring!$C13="Uhrazená",TODAY(),"")
A14: Anchor A | B14: Dodavatel A | C14: 1080000 | D14: 45301 | E14: 45301 | F14: =IF(OR(D14="",E14=""),"",E14-D14) -> 0 | G14: =IF(F14="","",IF(F14>0,"ANO","NE")) -> NE | H14: NE | I14: NE | K14: =IF(Scoring!$C14="Uhrazená",Scoring!$A14,"") | L14: =IF(Scoring!$C14="Uhrazená",Scoring!$B14,"") | M14: =IF(Scoring!$C14="Uhrazená",Scoring!$D14,"") | N14: =IF(Scoring!$C14="Uhrazená",Scoring!$E14,"") | O14: =IF(Scoring!$C14="Uhrazená",Scoring!$F14,"") | P14: =IF(Scoring!$C14="Uhrazená",TODAY(),"")
A15: Anchor A | B15: Dodavatel A | C15: 1095000 | D15: 45331 | E15: 45336 | F15: =IF(OR(D15="",E15=""),"",E15-D15) -> 5 | G15: =IF(F15="","",IF(F15>0,"ANO","NE")) -> ANO | H15: NE | I15: NE | K15: =IF(Scoring!$C15="Uhrazená",Scoring!$A15,"") | L15: =IF(Scoring!$C15="Uhrazená",Scoring!$B15,"") | M15: =IF(Scoring!$C15="Uhrazená",Scoring!$D15,"") | N15: =IF(Scoring!$C15="Uhrazená",Scoring!$E15,"") | O15: =IF(Scoring!$C15="Uhrazená",Scoring!$F15,"") | P15: =IF(Scoring!$C15="Uhrazená",TODAY(),"")
A16: Anchor B | B16: Dodavatel B | C16: 900000 | D16: 44941 | E16: 44941 | F16: =IF(OR(D16="",E16=""),"",E16-D16) -> 0 | G16: =IF(F16="","",IF(F16>0,"ANO","NE")) -> NE | H16: NE | I16: NE | K16: =IF(Scoring!$C16="Uhrazená",Scoring!$A16,"") | L16: =IF(Scoring!$C16="Uhrazená",Scoring!$B16,"") | M16: =IF(Scoring!$C16="Uhrazená",Scoring!$D16,"") | N16: =IF(Scoring!$C16="Uhrazená",Scoring!$E16,"") | O16: =IF(Scoring!$C16="Uhrazená",Scoring!$F16,"") | P16: =IF(Scoring!$C16="Uhrazená",TODAY(),"")
A17: Anchor B | B17: Dodavatel B | C17: 915000 | D17: 44971 | E17: 44976 | F17: =IF(OR(D17="",E17=""),"",E17-D17) -> 5 | G17: =IF(F17="","",IF(F17>0,"ANO","NE")) -> ANO | H17: NE | I17: NE | K17: =IF(Scoring!$C17="Uhrazená",Scoring!$A17,"") | L17: =IF(Scoring!$C17="Uhrazená",Scoring!$B17,"") | M17: =IF(Scoring!$C17="Uhrazená",Scoring!$D17,"") | N17: =IF(Scoring!$C17="Uhrazená",Scoring!$E17,"") | O17: =IF(Scoring!$C17="Uhrazená",Scoring!$F17,"") | P17: =IF(Scoring!$C17="Uhrazená",TODAY(),"")
... A39: Maersk | B39: Dodavatel C | C39: 2000000 | D39: 45331 | E39: 45330 | F39: =IF(OR(D39="",E39=""),"",E39-D39) -> -1 | G39: =IF(F39="","",IF(F39>0,"ANO","NE")) -> NE | H39: NE | I39: NE | K39: =IF(Scoring!$C39="Uhrazená",Scoring!$A39,"") | L39: =IF(Scoring!$C39="Uhrazená",Scoring!$B39,"") | M39: =IF(Scoring!$C39="Uhrazená",Scoring!$D39,"") | N39: =IF(Scoring!$C39="Uhrazená",Scoring!$E39,"") | O39: =IF(Scoring!$C39="Uhrazená",Scoring!$F39,"") | P39: =IF(Scoring!$C39="Uhrazená",TODAY(),"")
F40: =IF(OR(D40="",E40=""),"",E40-D40) | G40: =IF(F40="","",IF(F40>0,"ANO","NE")) | K40: =IF(Scoring!$C40="Uhrazená",Scoring!$A40,"") | L40: =IF(Scoring!$C40="Uhrazená",Scoring!$B40,"") | M40: =IF(Scoring!$C40="Uhrazená",Scoring!$D40,"") | N40: =IF(Scoring!$C40="Uhrazená",Scoring!$E40,"") | O40: =IF(Scoring!$C40="Uhrazená",Scoring!$F40,"") | P40: =IF(Scoring!$C40="Uhrazená",TODAY(),"")
F41: =IF(OR(D41="",E41=""),"",E41-D41) | G41: =IF(F41="","",IF(F41>0,"ANO","NE")) | K41: =IF(Scoring!$C41="Uhrazená",Scoring!$A41,"") | L41: =IF(Scoring!$C41="Uhrazená",Scoring!$B41,"") | M41: =IF(Scoring!$C41="Uhrazená",Scoring!$D41,"") | N41: =IF(Scoring!$C41="Uhrazená",Scoring!$E41,"") | O41: =IF(Scoring!$C41="Uhrazená",Scoring!$F41,"") | P41: =IF(Scoring!$C41="Uhrazená",TODAY(),"")
F42: =IF(OR(D42="",E42=""),"",E42-D42) | G42: =IF(F42="","",IF(F42>0,"ANO","NE")) | K42: =IF(Scoring!$C42="Uhrazená",Scoring!$A42,"") | L42: =IF(Scoring!$C42="Uhrazená",Scoring!$B42,"") | M42: =IF(Scoring!$C42="Uhrazená",Scoring!$D42,"") | N42: =IF(Scoring!$C42="Uhrazená",Scoring!$E42,"") | O42: =IF(Scoring!$C42="Uhrazená",Scoring!$F42,"") | P42: =IF(Scoring!$C42="Uhrazená",TODAY(),"")
F43: =IF(OR(D43="",E43=""),"",E43-D43) | G43: =IF(F43="","",IF(F43>0,"ANO","NE")) | K43: =IF(Scoring!$C43="Uhrazená",Scoring!$A43,"") | L43: =IF(Scoring!$C43="Uhrazená",Scoring!$B43,"") | M43: =IF(Scoring!$C43="Uhrazená",Scoring!$D43,"") | N43: =IF(Scoring!$C43="Uhrazená",Scoring!$E43,"") | O43: =IF(Scoring!$C43="Uhrazená",Scoring!$F43,"") | P43: =IF(Scoring!$C43="Uhrazená",TODAY(),"")
F44: =IF(OR(D44="",E44=""),"",E44-D44) | G44: =IF(F44="","",IF(F44>0,"ANO","NE")) | K44: =IF(Scoring!$C44="Uhrazená",Scoring!$A44,"") | L44: =IF(Scoring!$C44="Uhrazená",Scoring!$B44,"") | M44: =IF(Scoring!$C44="Uhrazená",Scoring!$D44,"") | N44: =IF(Scoring!$C44="Uhrazená",Scoring!$E44,"") | O44: =IF(Scoring!$C44="Uhrazená",Scoring!$F44,"") | P44: =IF(Scoring!$C44="Uhrazená",TODAY(),"")
F45: =IF(OR(D45="",E45=""),"",E45-D45) | G45: =IF(F45="","",IF(F45>0,"ANO","NE")) | K45: =IF(Scoring!$C45="Uhrazená",Scoring!$A45,"") | L45: =IF(Scoring!$C45="Uhrazená",Scoring!$B45,"") | M45: =IF(Scoring!$C45="Uhrazená",Scoring!$D45,"") | N45: =IF(Scoring!$C45="Uhrazená",Scoring!$E45,"") | O45: =IF(Scoring!$C45="Uhrazená",Scoring!$F45,"") | P45: =IF(Scoring!$C45="Uhrazená",TODAY(),"")
F46: =IF(OR(D46="",E46=""),"",E46-D46) | G46: =IF(F46="","",IF(F46>0,"ANO","NE"))
F47: =IF(OR(D47="",E47=""),"",E47-D47) | G47: =IF(F47="","",IF(F47>0,"ANO","NE"))
F48: =IF(OR(D48="",E48=""),"",E48-D48) | G48: =IF(F48="","",IF(F48>0,"ANO","NE"))
F49: =IF(OR(D49="",E49=""),"",E49-D49) | G49: =IF(F49="","",IF(F49>0,"ANO","NE"))
F50: =IF(OR(D50="",E50=""),"",E50-D50) | G50: =IF(F50="","",IF(F50>0,"ANO","NE"))
F51: =IF(OR(D51="",E51=""),"",E51-D51) | G51: =IF(F51="","",IF(F51>0,"ANO","NE"))
F52: =IF(OR(D52="",E52=""),"",E52-D52) | G52: =IF(F52="","",IF(F52>0,"ANO","NE"))
F53: =IF(OR(D53="",E53=""),"",E53-D53) | G53: =IF(F53="","",IF(F53>0,"ANO","NE"))
F54: =IF(OR(D54="",E54=""),"",E54-D54) | G54: =IF(F54="","",IF(F54>0,"ANO","NE"))
F55: =IF(OR(D55="",E55=""),"",E55-D55) | G55: =IF(F55="","",IF(F55>0,"ANO","NE"))
F56: =IF(OR(D56="",E56=""),"",E56-D56) | G56: =IF(F56="","",IF(F56>0,"ANO","NE"))
F57: =IF(OR(D57="",E57=""),"",E57-D57) | G57: =IF(F57="","",IF(F57>0,"ANO","NE"))
... F2000: =IF(OR(D2000="",E2000=""),"",E2000-D2000) | G2000: =IF(F2000="","",IF(F2000>0,"ANO","NE"))

Sheet Návod
A1: Návod ke scoring modelu (financování pohledávek)
A3: Účel modelu | B3: Odhad rizika a indikativní advance / fee z historie plateb anchoru. Slouží jako podpora rozhodnutí, ne jako jediný zdroj pravdy.
A4: Co vyplňujete vy | B4: Nejdřív list Ciselniky (doplň povolené anchory/dodavatele a hlavně rating anchorů v anchor masteru). Na Scoring vyplňte modře zvýrazněné A–H: výběr anchora, dodavatele a stavu z číselníku, Deal ID, částku, splatnost, příznaky. Metriky I–P a nová rating overlay AT–BB jdou z listů Historie / Ciselniky.
A5: Postup (workflow) | B5: 1) Zkontrolujte Parametry včetně anchor-centric vah. 2) Vyplňte řádky na Scoring. 3) Doplňte nebo aktualizujte ratingy anchorů v Ciselniky. 4) Prohlédněte skóre, risk band a závěr schválení. 5) Podívejte se na souhrn na Přehled.
A6: List Parametry | B6: Prahové hodnoty, váhy bodů, advance/fee podle pásem rizika, rating gate a nastavení koncentrace portfolia. Upravujte opatrně a v souladu s politikou.
A7: Klíčové vstupy (A–J) | B7: Klíčové jsou A–H na Scoring + rating anchora v Ciselniky. Historické metriky I–P na Scoring = agregace z listu Historie. Rating overlay AT–BB převádí rating anchoru do score, gate, advance capu a fee premium.
A8: Omezení modelu | B8: Neřeší právní vymahatelnost ani mimořádné cash situace — ty patří do schvalovacího procesu mimo Excel.
A9: Kde co najdete | B9: Použijte odkazy níže nebo záložky dole — začněte u Scoring, Parametry měňte jen pokud víte proč.
A11: Odkazy na listy | B11: =HYPERLINK("#Scoring!A1","→ Scoring (dealy)") -> → Scoring (dealy)
B12: =HYPERLINK("#Ciselniky!A1","→ Ciselniky (anchor, dodavatel, stav)") -> → Ciselniky (anchor, dodavatel, stav)
B13: =HYPERLINK("#Historie!A1","→ Historie (transakce)") -> → Historie (transakce)
B14: =HYPERLINK("#Parametry!A1","→ Parametry") -> → Parametry
B15: =HYPERLINK("#Přehled!A1","→ Přehled") -> → Přehled
B16: =HYPERLINK("#Schvaleni!A1","→ Schvaleni (rychlý přehled výsledků)") -> → Schvaleni (rychlý přehled výsledků)
A17: Pomocný sloupec AI | B17: Je skrytý — slouží k výpočtu top 3 / top 5 na Přehledu. Neměňte vzorce ve sloupci AI.
A19: Soubor MANUAL | B19: Textový manuál ve stejné složce: MANUAL_invoice_financing_scoring_model.md (Markdown).
A21: Dodavatel, splatnost, umořování | B21: Sloupce AH–AL: dodavatel, datum splatnosti, dní do splatnosti (AK), stav pohledávky. Sloupec AO = dní do splatnosti jen u aktivních (ne „Uhrazená“) — používá Přehled pro min/max splatnost. AM/AN = součet otevřených částek C po anchorovi / dodavateli (stav prázdný nebo Otevřená). Stav „Uhrazená“ uzavírá řádek v těchto součtech. Koncentrace Z–AG stále používá částku C na řádku.
